rank,company_id,company_name,website,final_score,confidence,ready_to_send,review_warnings,contact_persona,contact_name,contact_title,contact_email,contact_linkedin,contact_source,email_subject,email_body,linkedin_connection_note,discovery_question,homepage_url,careers_url,docs_url,important_urls,all_scraped_urls
1,runcaptain-com,Captain,https://runcaptain.com,100,high,true,no_seed_email,CTO or engineering lead responsible for operations,Edgar Babajanyan,Co-Founder and CTO,,https://www.linkedin.com/in/edgar-babajanyan-a28230217/,seed_team,Exploring Enhanced Incident Response with Captain,"Hi Edgar,

With Captain's focus on scalable AI solutions for knowledge retrieval, teams may significantly enhance their operational efficiency. Captain provides a multimodal data search capability through its robust API, supporting various formats like images, videos, and documents. This could address substantial pain points you might face in managing large datasets and incident response without a full SRE team.

Given the challenges of improving reliability and the need for accurate search functions, I’d like to understand your current approach better. 

How do you currently manage incident responses and knowledge retrieval for your production systems?","Hi Edgar, I noticed Captain excels in operational efficiency through AI search—I'd like to connect and discuss strategies!",How do you currently manage incident responses and knowledge retrieval for your production systems?,https://www.runcaptain.com/,,https://docs.runcaptain.com,"[{""url"": ""https://auth.runcaptain.com/u/login?state=hKFo2SBReXM4T0UwVHdFc2FNaUY3NXVhbjlqbkR1bFdPYjRNUaFur3VuaXZlcnNhbC1sb2dpbqN0aWTZIENHYWdaMjcteTUyVDZmbXF1Y29XNXNFZmYtY1N1ek0to2NpZNkgbFY2bkZySUtDNUxjWXdqeUNadE1lcGpOTTRoOGhrRGI"", ""source_type"": ""fallback_page"", ""why_important"": ""Fetched from search result for additional context."", ""used_in_reasoning"": false}, {""url"": ""https://docs.runcaptain.com"", ""source_type"": ""docs"", ""why_important"": ""Shows public API/integration/developer surface."", ""used_in_reasoning"": true}, {""url"": ""https://docs.runcaptain.com/guides/get-started/introduction"", ""source_type"": ""fallback_page"", ""why_important"": ""Fetched from search result for additional context."", ""used_in_reasoning"": false}, {""url"": ""https://github.com/runcaptain/captain-mrag-bench"", ""source_type"": ""github"", ""why_important"": ""Technical footprint and engineering culture."", ""used_in_reasoning"": false}, {""url"": ""https://status.runcaptain.com"", ""source_type"": ""status"", ""why_important"": ""Indicates production uptime monitoring."", ""used_in_reasoning"": true}, {""url"": ""https://www.runcaptain.com/"", ""source_type"": ""homepage"", ""why_important"": ""Explains core product and target customer."", ""used_in_reasoning"": true}, {""url"": ""https://www.runcaptain.com/blog"", ""source_type"": ""blog"", ""why_important"": ""Product updates and engineering narrative."", ""used_in_reasoning"": false}, {""url"": ""https://www.runcaptain.com/pricing"", ""source_type"": ""fallback_page"", ""why_important"": ""Fetched from search result for additional context."", ""used_in_reasoning"": false}, {""url"": ""https://www.ycombinator.com/companies/captain"", ""source_type"": ""seed_metadata"", ""why_important"": ""Source list metadata (YC/CMU)."", ""used_in_reasoning"": false}]",https://auth.runcaptain.com/u/login?state=hKFo2SBReXM4T0UwVHdFc2FNaUY3NXVhbjlqbkR1bFdPYjRNUaFur3VuaXZlcnNhbC1sb2dpbqN0aWTZIENHYWdaMjcteTUyVDZmbXF1Y29XNXNFZmYtY1N1ek0to2NpZNkgbFY2bkZySUtDNUxjWXdqeUNadE1lcGpOTTRoOGhrRGI; https://docs.runcaptain.com; https://docs.runcaptain.com/guides/get-started/introduction; https://github.com/runcaptain/captain-mrag-bench; https://status.runcaptain.com; https://www.runcaptain.com/; https://www.runcaptain.com/blog; https://www.runcaptain.com/pricing; https://www.ycombinator.com/companies/captain
2,getlark-ai,Lark,https://getlark.ai,100,high,false,no_seed_contact; no_seed_email; no_linkedin_url,DevOps engineers or Engineering team leads,,,,,persona_only,Inquiry on Incident Detection Workflows,"Hi,

I'm reaching out to understand how your team currently manages incident detection and response during deployments. Lark offers a platform that focuses on continuous testing across APIs, UIs, and CLIs, which is essential for rapid incident root cause analysis. With a 99.6% test pass rate and self-healing tests, Lark minimizes disruptions during deployments, which might be particularly beneficial given your current need to maintain test efficacy in a production-critical environment.

How do you currently handle incident detection and response when deploying new features or updates? 

Best regards,
",Interested in sharing insights on AI-driven testing solutions for incident response workflows.,How does your team currently manage incident detection and response during deployments?,https://getlark.ai,https://docs.getlark.ai/cli,https://docs.getlark.ai/,"[{""url"": ""https://docs.getlark.ai/"", ""source_type"": ""docs"", ""why_important"": ""Shows public API/integration/developer surface."", ""used_in_reasoning"": true}, {""url"": ""https://docs.getlark.ai/cli"", ""source_type"": ""careers"", ""why_important"": ""Contains hiring/on-call/reliability signals."", ""used_in_reasoning"": true}, {""url"": ""https://docs.getlark.ai/introduction"", ""source_type"": ""fallback_page"", ""why_important"": ""Fetched from search result for additional context."", ""used_in_reasoning"": false}, {""url"": ""https://docs.getlark.ai/quickstart"", ""source_type"": ""search_result"", ""why_important"": ""Discovered via web search fallback."", ""used_in_reasoning"": false}, {""url"": ""https://docs.getlark.ai/secrets"", ""source_type"": ""search_result"", ""why_important"": ""Discovered via web search fallback."", ""used_in_reasoning"": false}, {""url"": ""https://getlark.ai"", ""source_type"": ""homepage"", ""why_important"": ""Explains core product and target customer."", ""used_in_reasoning"": true}, {""url"": ""https://getlark.ai/blog"", ""source_type"": ""blog"", ""why_important"": ""Product updates and engineering narrative."", ""used_in_reasoning"": false}, {""url"": ""https://getlark.ai/terms-of-service"", ""source_type"": ""fallback_page"", ""why_important"": ""Fetched from search result for additional context."", ""used_in_reasoning"": false}, {""url"": ""https://www.getlark.ai"", ""source_type"": ""search_result"", ""why_important"": ""Discovered via web search fallback."", ""used_in_reasoning"": false}, {""url"": ""https://www.ycombinator.com/companies/lark"", ""source_type"": ""seed_metadata"", ""why_important"": ""Source list metadata (YC/CMU)."", ""used_in_reasoning"": false}]",https://docs.getlark.ai/; https://docs.getlark.ai/cli; https://docs.getlark.ai/introduction; https://docs.getlark.ai/quickstart; https://docs.getlark.ai/secrets; https://getlark.ai; https://getlark.ai/blog; https://getlark.ai/terms-of-service; https://www.getlark.ai; https://www.ycombinator.com/companies/lark
3,clarm-com,Clarm,https://www.clarm.com,100,medium,true,manual_review_required; no_seed_email,Head of Growth or Revenue Operations,Marcus Storm-Mollard,Founder - CEO,,https://www.linkedin.com/in/marcus-storm-a0514aa1/,seed_team,Exploring Inbound Conversion Challenges,"Hi Marcus,

As the Founder and CEO at Clarm, I appreciate your focus on optimizing inbound inquiries to generate revenue. Your support and incident response capabilities indicated by the robust documentation align well with our interests. Considering the emphasis on converting inquiries effectively, I’m curious about the challenges you’ve faced in this area, particularly in managing customer interactions outside of business hours. 

Clarm’s integration capabilities can further streamline lead qualification, and I believe understanding your specific pain points could present opportunities for collaboration.

What challenges have you faced in converting inbound interest into qualified leads?","Hi Marcus, I admire Clarm's focus on enhancing inbound conversion. I’d love to connect and discuss potential challenges in this area.",What challenges have you faced in converting inbound interest into qualified leads?,https://www.clarm.com,https://clarm.com/demo/careerlaunch/,https://www.clarm.com/docs,"[{""url"": ""https://clarm.com/demo/careerlaunch/"", ""source_type"": ""careers"", ""why_important"": ""Contains hiring/on-call/reliability signals."", ""used_in_reasoning"": false}, {""url"": ""https://clarm.com/demo/corgi/"", ""source_type"": ""search_result"", ""why_important"": ""Discovered via web search fallback."", ""used_in_reasoning"": false}, {""url"": ""https://clarm.com/demo/soudronic/"", ""source_type"": ""search_result"", ""why_important"": ""Discovered via web search fallback."", ""used_in_reasoning"": false}, {""url"": ""https://clarm.com/demo/sweep/"", ""source_type"": ""search_result"", ""why_important"": ""Discovered via web search fallback."", ""used_in_reasoning"": false}, {""url"": ""https://www.clarm.com"", ""source_type"": ""homepage"", ""why_important"": ""Explains core product and target customer."", ""used_in_reasoning"": true}, {""url"": ""https://www.clarm.com/blog"", ""source_type"": ""blog"", ""why_important"": ""Product updates and engineering narrative."", ""used_in_reasoning"": true}, {""url"": ""https://www.clarm.com/changelog/"", ""source_type"": ""fallback_page"", ""why_important"": ""Fetched from search result for additional context."", ""used_in_reasoning"": false}, {""url"": ""https://www.clarm.com/demo/"", ""source_type"": ""status"", ""why_important"": ""Indicates production uptime monitoring."", ""used_in_reasoning"": false}, {""url"": ""https://www.clarm.com/demo/verve/"", ""source_type"": ""search_result"", ""why_important"": ""Discovered via web search fallback."", ""used_in_reasoning"": false}, {""url"": ""https://www.clarm.com/docs"", ""source_type"": ""docs"", ""why_important"": ""Shows public API/integration/developer surface."", ""used_in_reasoning"": true}, {""url"": ""https://www.clarm.com/pricing/"", ""source_type"": ""fallback_page"", ""why_important"": ""Fetched from search result for additional context."", ""used_in_reasoning"": false}, {""url"": ""https://www.clarm.com/solutions/"", ""source_type"": ""fallback_page"", ""why_important"": ""Fetched from search result for additional context."", ""used_in_reasoning"": false}, {""url"": ""https://www.clarm.com/tour/"", ""source_type"": ""fallback_page"", ""why_important"": ""Fetched from search result for additional context."", ""used_in_reasoning"": false}, {""url"": ""https://www.ycombinator.com/companies/clarm"", ""source_type"": ""seed_metadata"", ""why_important"": ""Source list metadata (YC/CMU)."", ""used_in_reasoning"": false}]",https://clarm.com/demo/careerlaunch/; https://clarm.com/demo/corgi/; https://clarm.com/demo/soudronic/; https://clarm.com/demo/sweep/; https://www.clarm.com; https://www.clarm.com/blog; https://www.clarm.com/changelog/; https://www.clarm.com/demo/; https://www.clarm.com/demo/verve/; https://www.clarm.com/docs; https://www.clarm.com/pricing/; https://www.clarm.com/solutions/; https://www.clarm.com/tour/; https://www.ycombinator.com/companies/clarm
4,qualgent-ai,QualGent,https://www.qualgent.ai,100,medium,true,manual_review_required; no_seed_email,Head of Quality Assurance,Shivam Agrawal,Founder,,https://www.linkedin.com/in/shivam-agrawal,seed_team,Exploring QA Automation Challenges,"Hi Shivam,

I noticed QualGent focuses on automation in mobile app testing, particularly through your AI-driven QA platform. With the increasing complexity of mobile applications and the growing reliance on CI/CD pipelines, many companies are facing challenges in enhancing their QA efficiency. 

Your RESTful API seems well-suited for organizations aiming to integrate automated testing within their development workflows, especially for multi-device environments. Understanding how others tackle similar issues could be valuable for us both. 

What are the biggest challenges you face in your current QA process? 

Best regards,","Hi Shivam, I'd like to connect to discuss QA challenges and solutions in mobile app testing.",What are the biggest challenges you face in your current QA process?,https://www.qualgent.ai,https://api.qualgent.ai/,,"[{""url"": ""https://api.qualgent.ai/"", ""source_type"": ""careers"", ""why_important"": ""Contains hiring/on-call/reliability signals."", ""used_in_reasoning"": true}, {""url"": ""https://trust.qualgent.ai/?tab=securityControls&frameworks=soc2_v1"", ""source_type"": ""search_result"", ""why_important"": ""Discovered via web search fallback."", ""used_in_reasoning"": false}, {""url"": ""https://www.qualgent.ai"", ""source_type"": ""homepage"", ""why_important"": ""Explains core product and target customer."", ""used_in_reasoning"": true}, {""url"": ""https://www.qualgent.ai/about-us"", ""source_type"": ""fallback_page"", ""why_important"": ""Fetched from search result for additional context."", ""used_in_reasoning"": true}, {""url"": ""https://www.qualgent.ai/blog"", ""source_type"": ""blog"", ""why_important"": ""Product updates and engineering narrative."", ""used_in_reasoning"": false}, {""url"": ""https://www.qualgent.ai/book-demo"", ""source_type"": ""fallback_page"", ""why_important"": ""Fetched from search result for additional context."", ""used_in_reasoning"": false}, {""url"": ""https://www.qualgent.ai/privacy-policy"", ""source_type"": ""search_result"", ""why_important"": ""Discovered via web search fallback."", ""used_in_reasoning"": false}, {""url"": ""https://www.qualgent.ai/terms-of-services"", ""source_type"": ""fallback_page"", ""why_important"": ""Fetched from search result for additional context."", ""used_in_reasoning"": false}, {""url"": ""https://www.ycombinator.com/companies/qualgent"", ""source_type"": ""seed_metadata"", ""why_important"": ""Source list metadata (YC/CMU)."", ""used_in_reasoning"": false}]",https://api.qualgent.ai/; https://trust.qualgent.ai/?tab=securityControls&frameworks=soc2_v1; https://www.qualgent.ai; https://www.qualgent.ai/about-us; https://www.qualgent.ai/blog; https://www.qualgent.ai/book-demo; https://www.qualgent.ai/privacy-policy; https://www.qualgent.ai/terms-of-services; https://www.ycombinator.com/companies/qualgent
5,mindfort-ai,MindFort,https://www.mindfort.ai,100,medium,false,manual_review_required; no_seed_contact; no_seed_email; no_linkedin_url,Security Engineer / CTO,,,,,persona_only,Exploring Continuous Security Solutions for Application Security,"Hi, 

I'm reaching out to discuss how companies like MindFort are addressing critical gaps in application security. Their tools enable continuous penetration testing and automate vulnerability remediation, which align with the increasing need for ongoing security assessments and fast, effective response to potential breaches. This is particularly vital for engineering teams managing limited resources while striving to maintain high security standards.

How does MindFort prioritize vulnerability remediation in its continuous security workflow?","Hi, I'm exploring how MindFort enhances application security with continuous testing and automated remediation.",How does MindFort prioritize vulnerability remediation in its continuous security workflow?,https://www.mindfort.ai,https://www.mindfort.ai/careers,https://www.mindfort.ai/blog/seed-announcement,"[{""url"": ""https://docs.mindfort.ai"", ""source_type"": ""fallback_page"", ""why_important"": ""Fetched from search result for additional context."", ""used_in_reasoning"": false}, {""url"": ""https://mindfort.openstatus.dev"", ""source_type"": ""fallback_page"", ""why_important"": ""Fetched from search result for additional context."", ""used_in_reasoning"": false}, {""url"": ""https://status.mindfort.ai"", ""source_type"": ""status"", ""why_important"": ""Indicates production uptime monitoring."", ""used_in_reasoning"": false}, {""url"": ""https://www.mindfort.ai"", ""source_type"": ""homepage"", ""why_important"": ""Explains core product and target customer."", ""used_in_reasoning"": true}, {""url"": ""https://www.mindfort.ai/blog"", ""source_type"": ""fallback_page"", ""why_important"": ""Fetched from search result for additional context."", ""used_in_reasoning"": false}, {""url"": ""https://www.mindfort.ai/blog/seed-announcement"", ""source_type"": ""docs"", ""why_important"": ""Shows public API/integration/developer surface."", ""used_in_reasoning"": true}, {""url"": ""https://www.mindfort.ai/careers"", ""source_type"": ""careers"", ""why_important"": ""Contains hiring/on-call/reliability signals."", ""used_in_reasoning"": true}, {""url"": ""https://www.mindfort.ai/pricing"", ""source_type"": ""fallback_page"", ""why_important"": ""Fetched from search result for additional context."", ""used_in_reasoning"": false}, {""url"": ""https://www.mindfort.ai/solutions/healthcare"", ""source_type"": ""fallback_page"", ""why_important"": ""Fetched from search result for additional context."", ""used_in_reasoning"": false}, {""url"": ""https://www.ycombinator.com/companies/mindfort"", ""source_type"": ""seed_metadata"", ""why_important"": ""Source list metadata (YC/CMU)."", ""used_in_reasoning"": false}]",https://docs.mindfort.ai; https://mindfort.openstatus.dev; https://status.mindfort.ai; https://www.mindfort.ai; https://www.mindfort.ai/blog; https://www.mindfort.ai/blog/seed-announcement; https://www.mindfort.ai/careers; https://www.mindfort.ai/pricing; https://www.mindfort.ai/solutions/healthcare; https://www.ycombinator.com/companies/mindfort
6,getcohesiveai-com,Cohesive,https://getcohesiveai.com,100,medium,true,manual_review_required; no_seed_email,,Kevin Zhang,Founder,,https://www.linkedin.com/in/kevindzhang/,seed_team,Exploring Synergies between Cohesive and Emergent Delta,"Hi Kevin,

I noticed that Cohesive is making strides in automating local business growth through your AI-powered CRM platform. With a strong commitment to software development and active hiring in technical roles, it's clear that you are aligning well with the needs of businesses striving for effective client engagement and communication.

Emergent Delta specializes in providing AI-assisted incident root-cause analysis for small production engineering teams. I see potential synergies between our offerings, particularly in automating lead generation and follow-up communications. 

What challenges are you currently facing in managing client communications and automating these processes?","Hi Kevin, I admire Cohesive's AI innovations in local business growth. Let's connect!",What challenges are you currently facing in managing client communications and automating these processes?,https://getcohesiveai.com,https://getcohesiveai.com/careers,https://getcohesiveai.com/api-docs,"[{""url"": ""https://getcohesiveai.com"", ""source_type"": ""homepage"", ""why_important"": ""Explains core product and target customer."", ""used_in_reasoning"": true}, {""url"": ""https://getcohesiveai.com/api-docs"", ""source_type"": ""docs"", ""why_important"": ""Shows public API/integration/developer surface."", ""used_in_reasoning"": true}, {""url"": ""https://getcohesiveai.com/blog"", ""source_type"": ""blog"", ""why_important"": ""Product updates and engineering narrative."", ""used_in_reasoning"": false}, {""url"": ""https://getcohesiveai.com/careers"", ""source_type"": ""careers"", ""why_important"": ""Contains hiring/on-call/reliability signals."", ""used_in_reasoning"": true}, {""url"": ""https://www.ycombinator.com/companies/cohesive"", ""source_type"": ""seed_metadata"", ""why_important"": ""Source list metadata (YC/CMU)."", ""used_in_reasoning"": false}]",https://getcohesiveai.com; https://getcohesiveai.com/api-docs; https://getcohesiveai.com/blog; https://getcohesiveai.com/careers; https://www.ycombinator.com/companies/cohesive
7,chrt-com,chrt,https://chrt.com,100,medium,true,manual_review_required; no_seed_email,Head of Operations or Technical Lead,Kyle Reagan,Co-founder and CEO,,https://linkedin.com/in/kyle-reagan-surfs,seed_team,Exploring Operational Challenges in Logistics,"Hi Kyle,

Chrt's focus on time-critical shipping is impressive, and it’s clear that maintaining operational uptime is crucial in your field. Given your emphasis on seamless logistics and integrations, I'm interested in how you currently manage incident response and root-cause analysis during shipping issues. 

Many logistics teams face challenges like interoperability across multiple carriers and systems integration. Understanding the specific hurdles you encounter might provide insight into opportunities for enhancing operational reliability while reducing downtime.

What challenges do you face in maintaining operational uptime during peak shipping periods?",Chrt is optimizing logistics for couriers and shippers. Let's connect!,What challenges do you face in maintaining operational uptime during peak shipping periods?,https://chrt.com,https://account.chrt.com/?client_id=client_01KR50NVMGBMA0QM4D8EXKET1A&redirect_uri=https%3A%2F%2Fchrt.com%2Fcallback&state=Fe26.2*1*5f817d31825fd9ec05c8428af5ac2efaa30995e481d5d63c23ed06328806d154*0rGPBr3JPfg-8FSZZ7Wy4w*fQaMsxfus7AjdUhoxVjK3VGs9Puw8oFzCq5jl-EnnJlQh4t94o7Aisv2yH3fbAZ-hLSP-WzeTIonbYSamEgMwSrL6rm-W-RFH_vmVmtOo-IJlNCQjjj9M0B7QJhcMh1vysuxRx__sqI5XU3Rxwp3zoTM05RRVQ8D4jrQ1RrOq5gwVWxq-jvWSHGTd5_3bY_Z*1779155779747*1b374d15f1b7ac5e2ef98d6bbc0487595ca4d8e5e70f46482681fce2f41ea965*DYCj3_aQDNEQCEtKRfUUsmUewKnvPXRd0uN2c1v98i0%7E2&authorization_session_id=01KRYYK6K0R8XRG7KMHQN6QM4D,https://docs.chrt.com/support,"[{""url"": ""https://account.chrt.com/?client_id=client_01KR50NVMGBMA0QM4D8EXKET1A&redirect_uri=https%3A%2F%2Fchrt.com%2Fcallback&state=Fe26.2*1*4d3fc62673d0e3ddb46a9d28781cf73b3720a9ec989e633213e25b79856a64e3*xuNufM_vZ170catrLEePlQ*yjVYxflNHV5GpNZFbTmcQ8avssjdItQDUbj9MSp1Z4q3asgV8ErhUaZHV2qsDra1AVXB030pJh6UuOJn8C_lr5yuJK0vZOm_GuA2xLQnVbweHrD7bTu4A2pj7PYs3aN9TXFIHKLAJg4QJ_3VvJrQoq7R5QmPvDJ-347z8hVqvfKplP0hFKYVkpSi2Mk0q8YI*1779155778502*9f6736e94c7605b122c13fb0aa11506729c5a320617302be56bb374c37586cc1*Vnf-ZO_AmhsZq5EaGikeChvFtxdDxqgEO19XMTjfqRQ%7E2&authorization_session_id=01KRYYK5CY9Y4GVTS1KJVAFMPK"", ""source_type"": ""fallback_page"", ""why_important"": ""Fetched from search result for additional context."", ""used_in_reasoning"": false}, {""url"": ""https://account.chrt.com/?client_id=client_01KR50NVMGBMA0QM4D8EXKET1A&redirect_uri=https%3A%2F%2Fchrt.com%2Fcallback&state=Fe26.2*1*5f817d31825fd9ec05c8428af5ac2efaa30995e481d5d63c23ed06328806d154*0rGPBr3JPfg-8FSZZ7Wy4w*fQaMsxfus7AjdUhoxVjK3VGs9Puw8oFzCq5jl-EnnJlQh4t94o7Aisv2yH3fbAZ-hLSP-WzeTIonbYSamEgMwSrL6rm-W-RFH_vmVmtOo-IJlNCQjjj9M0B7QJhcMh1vysuxRx__sqI5XU3Rxwp3zoTM05RRVQ8D4jrQ1RrOq5gwVWxq-jvWSHGTd5_3bY_Z*1779155779747*1b374d15f1b7ac5e2ef98d6bbc0487595ca4d8e5e70f46482681fce2f41ea965*DYCj3_aQDNEQCEtKRfUUsmUewKnvPXRd0uN2c1v98i0%7E2&authorization_session_id=01KRYYK6K0R8XRG7KMHQN6QM4D"", ""source_type"": ""careers"", ""why_important"": ""Contains hiring/on-call/reliability signals."", ""used_in_reasoning"": false}, {""url"": ""https://account.chrt.com/?client_id=client_01KR50NVMGBMA0QM4D8EXKET1A&redirect_uri=https%3A%2F%2Fchrt.com%2Fcallback&state=Fe26.2*1*82dca1eb2d7c4150a2718d7fa0d4e3fa4b47416ea296255bd74f73903f8a3699*xDuj12V24snvzSrhqJp5sQ*l2cz8VN0LGlKDmDNDz4fDWyFvI4dT_ZzsDifb-71UjxmCXGFStq45DQ21Y0auEshya7IAMJHzUaHAgcSKnZoB0fO_UxBi-bql0WOHbenaBXwReIhMrQuQCxkIo0V_LWgDnzo-I4LhtFO60qdgccxEx-vrqP-zev16FxG911MOw_OBGCa-zVVf8Q2hOXfAbCg*1779155781024*42652a3eb8bcd6c81d29ae5e0023ff5648729b3a94aeaaa2f9b00d8d629e7180*nMTHSDU20a8576aAH3nEEwQ74o6uexRVaq4CWVon51I%7E2&authorization_session_id=01KRYYK7T8MF5GEPJ8KRNX7HCY"", ""source_type"": ""status"", ""why_important"": ""Indicates production uptime monitoring."", ""used_in_reasoning"": false}, {""url"": ""https://account.chrt.com/?client_id=client_01KR50NVMGBMA0QM4D8EXKET1A&redirect_uri=https%3A%2F%2Fchrt.com%2Fcallback&state=Fe26.2*1*8d85ba8fd41314f649285e6274177e32872a3bcee300c1e4991466e5cd2b1858*avJZxrxmb9vRZ3x7N2r6fQ*KMnhUblHRCwMkmnUNaaIjkoQFkVo47mlGUtDB56dVRGe4F64rXnUn5DfKTWCJ6eZRWqaMSl6QrYsgXO2ce9B-7o2URui6ysLEgUOxx-bjbjqd4j4EZk_KW4Iw2-KojlEpY3lwjJvvylh89DmSN8uwflFrSrJuG_4pVJlxzdKMl_StM0CN9fkOjU5WSSQqFpC*1779155777417*fd6e00759849d6fd0a9ade88ce16efd6fe11457e0ad7ce52d14f98999efd37c4*9SGlIXN35nfkIBuXEwJ10h4erRNYD0NHCOk8Bj98Goc%7E2&authorization_session_id=01KRYYK49HQ21V64HB3608GF14"", ""source_type"": ""fallback_page"", ""why_important"": ""Fetched from search result for additional context."", ""used_in_reasoning"": false}, {""url"": ""https://account.chrt.com/sign-up?client_id=client_01KR50NVMGBMA0QM4D8EXKET1A&redirect_uri=https%3A%2F%2Fchrt.com%2Fcallback&state=Fe26.2*1*8f9f6b2f52991b53be9f8056ab22ae5c77e0069194ef9c632fcdf5063d0ceae9*r8z1uXFjMeriiyjumCG3HQ*qQJ6CnB5m9w9og3au340T4Mivi0lFvharODI-b8kr_ytckLod1x7WYQ2aBIKUDN3c-ZtMQ6h4jnI1tVCmG_DlkyOm8cdI2zJqvUWgOOu_wW3pLl-QdvUwt81_XVq8CbpTr0qM4q8ggP6H0pSf-0PaX0K2ghnPqnyx9OuQh0j2POkgERO40JpMhwV3N0SRn0w*1779155775019*3791e637eef270f1588f0854f8f078b0ed5c170745b5fdd052faae45f5ccde52*b4T1VBquhMV5aTuhR77lj893nC5_Mg9pSlnDmtg__Fs%7E2&authorization_session_id=01KRYYK2AXX2VGRW7DAWR24TVC"", ""source_type"": ""fallback_page"", ""why_important"": ""Fetched from search result for additional context."", ""used_in_reasoning"": false}, {""url"": ""https://chrt.com"", ""source_type"": ""homepage"", ""why_important"": ""Explains core product and target customer."", ""used_in_reasoning"": true}, {""url"": ""https://chrt.com/blog"", ""source_type"": ""blog"", ""why_important"": ""Product updates and engineering narrative."", ""used_in_reasoning"": false}, {""url"": ""https://chrt.com/pricing"", ""source_type"": ""fallback_page"", ""why_important"": ""Fetched from search result for additional context."", ""used_in_reasoning"": false}, {""url"": ""https://chrt.com/terms"", ""source_type"": ""fallback_page"", ""why_important"": ""Fetched from search result for additional context."", ""used_in_reasoning"": false}, {""url"": ""https://docs.chrt.com/support"", ""source_type"": ""docs"", ""why_important"": ""Shows public API/integration/developer surface."", ""used_in_reasoning"": true}, {""url"": ""https://docs.chrt.com/welcome"", ""source_type"": ""fallback_page"", ""why_important"": ""Fetched from search result for additional context."", ""used_in_reasoning"": false}, {""url"": ""https://github.com/chrt-inc"", ""source_type"": ""github"", ""why_important"": ""Technical footprint and engineering culture."", ""used_in_reasoning"": false}, {""url"": ""https://www.ycombinator.com/companies/chrt"", ""source_type"": ""seed_metadata"", ""why_important"": ""Source list metadata (YC/CMU)."", ""used_in_reasoning"": true}]",https://account.chrt.com/?client_id=client_01KR50NVMGBMA0QM4D8EXKET1A&redirect_uri=https%3A%2F%2Fchrt.com%2Fcallback&state=Fe26.2*1*4d3fc62673d0e3ddb46a9d28781cf73b3720a9ec989e633213e25b79856a64e3*xuNufM_vZ170catrLEePlQ*yjVYxflNHV5GpNZFbTmcQ8avssjdItQDUbj9MSp1Z4q3asgV8ErhUaZHV2qsDra1AVXB030pJh6UuOJn8C_lr5yuJK0vZOm_GuA2xLQnVbweHrD7bTu4A2pj7PYs3aN9TXFIHKLAJg4QJ_3VvJrQoq7R5QmPvDJ-347z8hVqvfKplP0hFKYVkpSi2Mk0q8YI*1779155778502*9f6736e94c7605b122c13fb0aa11506729c5a320617302be56bb374c37586cc1*Vnf-ZO_AmhsZq5EaGikeChvFtxdDxqgEO19XMTjfqRQ%7E2&authorization_session_id=01KRYYK5CY9Y4GVTS1KJVAFMPK; https://account.chrt.com/?client_id=client_01KR50NVMGBMA0QM4D8EXKET1A&redirect_uri=https%3A%2F%2Fchrt.com%2Fcallback&state=Fe26.2*1*5f817d31825fd9ec05c8428af5ac2efaa30995e481d5d63c23ed06328806d154*0rGPBr3JPfg-8FSZZ7Wy4w*fQaMsxfus7AjdUhoxVjK3VGs9Puw8oFzCq5jl-EnnJlQh4t94o7Aisv2yH3fbAZ-hLSP-WzeTIonbYSamEgMwSrL6rm-W-RFH_vmVmtOo-IJlNCQjjj9M0B7QJhcMh1vysuxRx__sqI5XU3Rxwp3zoTM05RRVQ8D4jrQ1RrOq5gwVWxq-jvWSHGTd5_3bY_Z*1779155779747*1b374d15f1b7ac5e2ef98d6bbc0487595ca4d8e5e70f46482681fce2f41ea965*DYCj3_aQDNEQCEtKRfUUsmUewKnvPXRd0uN2c1v98i0%7E2&authorization_session_id=01KRYYK6K0R8XRG7KMHQN6QM4D; https://account.chrt.com/?client_id=client_01KR50NVMGBMA0QM4D8EXKET1A&redirect_uri=https%3A%2F%2Fchrt.com%2Fcallback&state=Fe26.2*1*82dca1eb2d7c4150a2718d7fa0d4e3fa4b47416ea296255bd74f73903f8a3699*xDuj12V24snvzSrhqJp5sQ*l2cz8VN0LGlKDmDNDz4fDWyFvI4dT_ZzsDifb-71UjxmCXGFStq45DQ21Y0auEshya7IAMJHzUaHAgcSKnZoB0fO_UxBi-bql0WOHbenaBXwReIhMrQuQCxkIo0V_LWgDnzo-I4LhtFO60qdgccxEx-vrqP-zev16FxG911MOw_OBGCa-zVVf8Q2hOXfAbCg*1779155781024*42652a3eb8bcd6c81d29ae5e0023ff5648729b3a94aeaaa2f9b00d8d629e7180*nMTHSDU20a8576aAH3nEEwQ74o6uexRVaq4CWVon51I%7E2&authorization_session_id=01KRYYK7T8MF5GEPJ8KRNX7HCY; https://account.chrt.com/?client_id=client_01KR50NVMGBMA0QM4D8EXKET1A&redirect_uri=https%3A%2F%2Fchrt.com%2Fcallback&state=Fe26.2*1*8d85ba8fd41314f649285e6274177e32872a3bcee300c1e4991466e5cd2b1858*avJZxrxmb9vRZ3x7N2r6fQ*KMnhUblHRCwMkmnUNaaIjkoQFkVo47mlGUtDB56dVRGe4F64rXnUn5DfKTWCJ6eZRWqaMSl6QrYsgXO2ce9B-7o2URui6ysLEgUOxx-bjbjqd4j4EZk_KW4Iw2-KojlEpY3lwjJvvylh89DmSN8uwflFrSrJuG_4pVJlxzdKMl_StM0CN9fkOjU5WSSQqFpC*1779155777417*fd6e00759849d6fd0a9ade88ce16efd6fe11457e0ad7ce52d14f98999efd37c4*9SGlIXN35nfkIBuXEwJ10h4erRNYD0NHCOk8Bj98Goc%7E2&authorization_session_id=01KRYYK49HQ21V64HB3608GF14; https://account.chrt.com/sign-up?client_id=client_01KR50NVMGBMA0QM4D8EXKET1A&redirect_uri=https%3A%2F%2Fchrt.com%2Fcallback&state=Fe26.2*1*8f9f6b2f52991b53be9f8056ab22ae5c77e0069194ef9c632fcdf5063d0ceae9*r8z1uXFjMeriiyjumCG3HQ*qQJ6CnB5m9w9og3au340T4Mivi0lFvharODI-b8kr_ytckLod1x7WYQ2aBIKUDN3c-ZtMQ6h4jnI1tVCmG_DlkyOm8cdI2zJqvUWgOOu_wW3pLl-QdvUwt81_XVq8CbpTr0qM4q8ggP6H0pSf-0PaX0K2ghnPqnyx9OuQh0j2POkgERO40JpMhwV3N0SRn0w*1779155775019*3791e637eef270f1588f0854f8f078b0ed5c170745b5fdd052faae45f5ccde52*b4T1VBquhMV5aTuhR77lj893nC5_Mg9pSlnDmtg__Fs%7E2&authorization_session_id=01KRYYK2AXX2VGRW7DAWR24TVC; https://chrt.com; https://chrt.com/blog; https://chrt.com/pricing; https://chrt.com/terms; https://docs.chrt.com/support; https://docs.chrt.com/welcome; https://github.com/chrt-inc; https://www.ycombinator.com/companies/chrt
8,getbluejay-ai,Bluejay,https://getbluejay.ai,100,medium,false,manual_review_required; no_seed_contact; no_seed_email; no_linkedin_url,CTO or Head of Engineering,,,,,persona_only,Exploring Testing Challenges for Voice AI,"Hi,

I noticed that Bluejay specializes in testing and monitoring voice and chat AI agents, especially in production-critical environments. Given your focus on optimizing reliability and performance, I'm curious about the challenges you face in ensuring effective monitoring and testing of your conversational AI agents. Your platform targets enterprises and startups alike, highlighting the need for robust testing before deployment.

With the growing demand for reliable voice AI, understanding your specific pain points can provide valuable insights into the industry.

What challenges are you currently facing in monitoring and testing your conversational AI agents?","Hi, I'd like to connect to discuss challenges in testing and monitoring voice AI. Your insights would be valuable.",What challenges are you currently facing in monitoring and testing your conversational AI agents?,https://getbluejay.ai,https://www.ycombinator.com/companies/bluejay/jobs,https://docs.getbluejay.ai/,"[{""url"": ""https://docs.getbluejay.ai/"", ""source_type"": ""docs"", ""why_important"": ""Shows public API/integration/developer surface."", ""used_in_reasoning"": true}, {""url"": ""https://getbluejay.ai"", ""source_type"": ""homepage"", ""why_important"": ""Explains core product and target customer."", ""used_in_reasoning"": true}, {""url"": ""https://getbluejay.ai/blog"", ""source_type"": ""blog"", ""why_important"": ""Product updates and engineering narrative."", ""used_in_reasoning"": false}, {""url"": ""https://getbluejay.ai/platform"", ""source_type"": ""fallback_page"", ""why_important"": ""Fetched from search result for additional context."", ""used_in_reasoning"": false}, {""url"": ""https://getbluejay.ai/terms-of-service"", ""source_type"": ""fallback_page"", ""why_important"": ""Fetched from search result for additional context."", ""used_in_reasoning"": false}, {""url"": ""https://newsletter.getbluejay.ai"", ""source_type"": ""fallback_page"", ""why_important"": ""Fetched from search result for additional context."", ""used_in_reasoning"": false}, {""url"": ""https://www.ycombinator.com/companies/bluejay"", ""source_type"": ""seed_metadata"", ""why_important"": ""Source list metadata (YC/CMU)."", ""used_in_reasoning"": false}, {""url"": ""https://www.ycombinator.com/companies/bluejay/jobs"", ""source_type"": ""careers"", ""why_important"": ""Contains hiring/on-call/reliability signals."", ""used_in_reasoning"": false}]",https://docs.getbluejay.ai/; https://getbluejay.ai; https://getbluejay.ai/blog; https://getbluejay.ai/platform; https://getbluejay.ai/terms-of-service; https://newsletter.getbluejay.ai; https://www.ycombinator.com/companies/bluejay; https://www.ycombinator.com/companies/bluejay/jobs
9,sim-ai,Sim,https://sim.ai,100,medium,false,manual_review_required; no_seed_contact; no_seed_email; no_linkedin_url,DevOps team leads or engineering managers,,,,,persona_only,Exploring Incident Management Solutions,"Hi,

I’m reaching out to discuss how Sim's open-source AI platform can enhance your incident management processes. With our robust integration capabilities, managing AI workflows becomes more efficient. Our tool can streamline root-cause analysis, aiding teams that lack dedicated reliability resources.

Given your focus on AI solutions and production-critical applications, I believe there’s potential for a valuable discussion.

Can you share what tools your team currently uses for incident management and root cause analysis? 

Best regards,
",I’d like to connect and discuss streamlining your incident management workflows with AI tools.,What tools does your team currently use for incident management and root cause analysis?,https://www.sim.ai/,https://jobs.ashbyhq.com/sim,https://docs.sim.ai,"[{""url"": ""https://docs.sim.ai"", ""source_type"": ""docs"", ""why_important"": ""Shows public API/integration/developer surface."", ""used_in_reasoning"": true}, {""url"": ""https://docs.sim.ai/api-reference/getting-started"", ""source_type"": ""fallback_page"", ""why_important"": ""Fetched from search result for additional context."", ""used_in_reasoning"": false}, {""url"": ""https://docs.sim.ai/blocks/agent"", ""source_type"": ""fallback_page"", ""why_important"": ""Fetched from search result for additional context."", ""used_in_reasoning"": false}, {""url"": ""https://docs.sim.ai/introduction"", ""source_type"": ""fallback_page"", ""why_important"": ""Fetched from search result for additional context."", ""used_in_reasoning"": false}, {""url"": ""https://docs.sim.ai/knowledgebase"", ""source_type"": ""fallback_page"", ""why_important"": ""Fetched from search result for additional context."", ""used_in_reasoning"": false}, {""url"": ""https://docs.sim.ai/mcp"", ""source_type"": ""fallback_page"", ""why_important"": ""Fetched from search result for additional context."", ""used_in_reasoning"": false}, {""url"": ""https://docs.sim.ai/self-hosting"", ""source_type"": ""fallback_page"", ""why_important"": ""Fetched from search result for additional context."", ""used_in_reasoning"": false}, {""url"": ""https://docs.sim.ai/tables"", ""source_type"": ""fallback_page"", ""why_important"": ""Fetched from search result for additional context."", ""used_in_reasoning"": false}, {""url"": ""https://github.com/simstudioai/sim"", ""source_type"": ""github"", ""why_important"": ""Technical footprint and engineering culture."", ""used_in_reasoning"": false}, {""url"": ""https://jobs.ashbyhq.com/sim"", ""source_type"": ""careers"", ""why_important"": ""Contains hiring/on-call/reliability signals."", ""used_in_reasoning"": true}, {""url"": ""https://status.sim.ai"", ""source_type"": ""status"", ""why_important"": ""Indicates production uptime monitoring."", ""used_in_reasoning"": false}, {""url"": ""https://www.sim.ai/"", ""source_type"": ""homepage"", ""why_important"": ""Explains core product and target customer."", ""used_in_reasoning"": true}, {""url"": ""https://www.sim.ai/blog"", ""source_type"": ""blog"", ""why_important"": ""Product updates and engineering narrative."", ""used_in_reasoning"": false}, {""url"": ""https://www.ycombinator.com/companies/sim"", ""source_type"": ""seed_metadata"", ""why_important"": ""Source list metadata (YC/CMU)."", ""used_in_reasoning"": false}]",https://docs.sim.ai; https://docs.sim.ai/api-reference/getting-started; https://docs.sim.ai/blocks/agent; https://docs.sim.ai/introduction; https://docs.sim.ai/knowledgebase; https://docs.sim.ai/mcp; https://docs.sim.ai/self-hosting; https://docs.sim.ai/tables; https://github.com/simstudioai/sim; https://jobs.ashbyhq.com/sim; https://status.sim.ai; https://www.sim.ai/; https://www.sim.ai/blog; https://www.ycombinator.com/companies/sim
10,lyra-so,Lyra,https://lyra.so,100,high,true,manual_review_required; no_seed_email,,Courtne Marland,Founder/CEO,,https://www.linkedin.com/in/courtnemarland/,seed_team,Exploring Meeting Automation Challenges at Lyra,"Hi Courtne,

I’m reaching out to discuss potential improvements in meeting automation and communication efficiency in teams like yours at Lyra. Your platform's features such as meeting automation and CRM integration can play a critical role in facilitating these processes, especially for B2B enterprises.

From the automation of meeting processes to the integration challenges with existing CRM systems, these pain points are pivotal for teams looking to enhance their communication efficiency. Lyra's robust API documentation and production-critical reliability further indicate your commitment to creating a seamless experience for users.

What challenges do you currently face in automating your meeting processes?","Hi Courtne, I'd like to connect to discuss meeting automation and your insights at Lyra.",What challenges do you currently face in automating your meeting processes?,https://lyra.so,https://trylyra.notion.site/positions,https://docs.lyra.so/changelog,"[{""url"": ""https://docs.lyra.so/changelog"", ""source_type"": ""docs"", ""why_important"": ""Shows public API/integration/developer surface."", ""used_in_reasoning"": true}, {""url"": ""https://docs.lyra.so/policies/privacy-policy"", ""source_type"": ""fallback_page"", ""why_important"": ""Fetched from search result for additional context."", ""used_in_reasoning"": false}, {""url"": ""https://docs.lyra.so/policies/terms-of-service"", ""source_type"": ""fallback_page"", ""why_important"": ""Fetched from search result for additional context."", ""used_in_reasoning"": false}, {""url"": ""https://lyra.so"", ""source_type"": ""homepage"", ""why_important"": ""Explains core product and target customer."", ""used_in_reasoning"": true}, {""url"": ""https://lyra.so/pricing"", ""source_type"": ""fallback_page"", ""why_important"": ""Fetched from search result for additional context."", ""used_in_reasoning"": false}, {""url"": ""https://lyra.so/support"", ""source_type"": ""fallback_page"", ""why_important"": ""Fetched from search result for additional context."", ""used_in_reasoning"": false}, {""url"": ""https://trylyra.notion.site/positions"", ""source_type"": ""careers"", ""why_important"": ""Contains hiring/on-call/reliability signals."", ""used_in_reasoning"": false}, {""url"": ""https://www.ycombinator.com/companies/lyrahq"", ""source_type"": ""seed_metadata"", ""why_important"": ""Source list metadata (YC/CMU)."", ""used_in_reasoning"": false}]",https://docs.lyra.so/changelog; https://docs.lyra.so/policies/privacy-policy; https://docs.lyra.so/policies/terms-of-service; https://lyra.so; https://lyra.so/pricing; https://lyra.so/support; https://trylyra.notion.site/positions; https://www.ycombinator.com/companies/lyrahq
11,blaxel-ai,Blaxel,https://blaxel.ai,100,medium,true,manual_review_required; no_seed_email,,Paul Sinaï,CEO & Co-Founder,,https://www.linkedin.com/in/paul-sinai,seed_team,Incident Response Efficiency Discussion,"Hi Paul,

I'm reaching out to discuss Blaxel's platform for AI agents, particularly focusing on how efficient incident response is crucial for uptime and reliability. Given that your API documentation lacks explicit on-call language, I wonder if this complicates your ability to conduct thorough incident root-cause analyses. 

Emergent Delta provides AI-assisted incident RCA, designed for small production engineering teams that may not have a full SRE organization in place. Our goal is to surface insights directly from logs, deployments, and runbooks, thereby enhancing incident management and accelerating time-to-resolution.

What challenges does Blaxel face in managing incident responses and ensuring uptime for its production platform? 

Best,

[Your Name]","Hi Paul, I’d like to connect to discuss incident response efficiency for Blaxel’s AI platform.",What challenges does Blaxel face in managing incident responses and ensuring uptime for its production platform?,https://blaxel.ai,https://docs.blaxel.ai/Jobs/Overview,https://docs.blaxel.ai/Sandboxes/Volumes,"[{""url"": ""https://blaxel.ai"", ""source_type"": ""homepage"", ""why_important"": ""Explains core product and target customer."", ""used_in_reasoning"": true}, {""url"": ""https://blaxel.ai/blog"", ""source_type"": ""blog"", ""why_important"": ""Product updates and engineering narrative."", ""used_in_reasoning"": false}, {""url"": ""https://docs.blaxel.ai/Jobs/Overview"", ""source_type"": ""careers"", ""why_important"": ""Contains hiring/on-call/reliability signals."", ""used_in_reasoning"": true}, {""url"": ""https://docs.blaxel.ai/Overview"", ""source_type"": ""fallback_page"", ""why_important"": ""Fetched from search result for additional context."", ""used_in_reasoning"": false}, {""url"": ""https://docs.blaxel.ai/Sandboxes/Volumes"", ""source_type"": ""docs"", ""why_important"": ""Shows public API/integration/developer surface."", ""used_in_reasoning"": true}, {""url"": ""https://docs.blaxel.ai/changelog"", ""source_type"": ""fallback_page"", ""why_important"": ""Fetched from search result for additional context."", ""used_in_reasoning"": false}, {""url"": ""https://github.com/blaxel-ai"", ""source_type"": ""github"", ""why_important"": ""Technical footprint and engineering culture."", ""used_in_reasoning"": false}, {""url"": ""https://status.blaxel.ai"", ""source_type"": ""status"", ""why_important"": ""Indicates production uptime monitoring."", ""used_in_reasoning"": false}, {""url"": ""https://strapi.io"", ""source_type"": ""fallback_page"", ""why_important"": ""Fetched from search result for additional context."", ""used_in_reasoning"": false}, {""url"": ""https://www.sapiom.ai/"", ""source_type"": ""fallback_page"", ""why_important"": ""Fetched from search result for additional context."", ""used_in_reasoning"": false}, {""url"": ""https://www.ycombinator.com/companies/blaxel"", ""source_type"": ""seed_metadata"", ""why_important"": ""Source list metadata (YC/CMU)."", ""used_in_reasoning"": false}]",https://blaxel.ai; https://blaxel.ai/blog; https://docs.blaxel.ai/Jobs/Overview; https://docs.blaxel.ai/Overview; https://docs.blaxel.ai/Sandboxes/Volumes; https://docs.blaxel.ai/changelog; https://github.com/blaxel-ai; https://status.blaxel.ai; https://strapi.io; https://www.sapiom.ai/; https://www.ycombinator.com/companies/blaxel
12,typeos-com,TypeOS,https://typeos.com,100,medium,true,manual_review_required; no_seed_email,,Daniel Martinez,Founder,,https://www.linkedin.com/in/danielmartinezdev,seed_team,Improve Incident Response with AI Insights,"Hi Daniel,

I’m reaching out to discuss how TypeOS, as a B2B platform for small engineering teams, may enhance incident response processes in production-critical environments. Our AI-assisted tools focus on accelerating root-cause analysis, thereby enhancing the efficiency of your engineering workflows. The ability to maintain authorship and transparency in AI-generated content can further support your team's integrity in communications and incident handling.

Understanding that your team faces challenges such as the need for quicker root-cause analysis and ensuring transparency with AI outputs, I would like to learn about your current strategies. 

How are you currently managing incident response and root cause analysis in your engineering team?  

Best, 
[Your Name]  
[Your Position]  
[Your Company]  
[Your Contact Information]  
","Hi Daniel, I’m interested in how TypeOS's AI tools enhance incident response in production teams. Let’s connect!",How are you currently managing incident response and root cause analysis in your engineering team?,https://typeos.com,https://typeos.com/careers,https://typeos.com/ai-detector,"[{""url"": ""https://typeos.com"", ""source_type"": ""homepage"", ""why_important"": ""Explains core product and target customer."", ""used_in_reasoning"": true}, {""url"": ""https://typeos.com/ai-detector"", ""source_type"": ""docs"", ""why_important"": ""Shows public API/integration/developer surface."", ""used_in_reasoning"": true}, {""url"": ""https://typeos.com/careers"", ""source_type"": ""careers"", ""why_important"": ""Contains hiring/on-call/reliability signals."", ""used_in_reasoning"": true}, {""url"": ""https://typeos.com/changelog"", ""source_type"": ""changelog"", ""why_important"": ""Release discipline and operational change signals."", ""used_in_reasoning"": false}, {""url"": ""https://typeos.com/chatgpt-for-google-docs"", ""source_type"": ""fallback_page"", ""why_important"": ""Fetched from search result for additional context."", ""used_in_reasoning"": false}, {""url"": ""https://typeos.com/features"", ""source_type"": ""fallback_page"", ""why_important"": ""Fetched from search result for additional context."", ""used_in_reasoning"": false}, {""url"": ""https://typeos.com/pricing"", ""source_type"": ""fallback_page"", ""why_important"": ""Fetched from search result for additional context."", ""used_in_reasoning"": false}, {""url"": ""https://typeos.com/research"", ""source_type"": ""fallback_page"", ""why_important"": ""Fetched from search result for additional context."", ""used_in_reasoning"": false}, {""url"": ""https://www.ycombinator.com/companies/typeos"", ""source_type"": ""seed_metadata"", ""why_important"": ""Source list metadata (YC/CMU)."", ""used_in_reasoning"": false}]",https://typeos.com; https://typeos.com/ai-detector; https://typeos.com/careers; https://typeos.com/changelog; https://typeos.com/chatgpt-for-google-docs; https://typeos.com/features; https://typeos.com/pricing; https://typeos.com/research; https://www.ycombinator.com/companies/typeos
13,getden-io,Den,https://getden.io,100,medium,true,manual_review_required; no_seed_email,Head of Engineering,Linus Talacko,Founder,,https://www.linkedin.com/in/linustalacko,seed_team,Exploring Task Automation Solutions for Engineering Teams,"Hi Linus,

I noticed Den is focused on optimizing task automation for small engineering teams through AI-powered workflows. Your ability to integrate seamlessly with various business applications could greatly enhance productivity, especially during incidents when resources are limited.

Emergent Delta is designed to provide incident root-cause analysis specifically for small production teams. Given your current objectives, I believe there may be a strong alignment in addressing your pain points around automation and productivity.

What challenges do you face in managing and automating tasks across different applications?",Interested in how Den's AI can enhance workflows? Let's connect.,What challenges do you face in managing and automating tasks across different applications?,https://getden.io,,,"[{""url"": ""https://getden.io"", ""source_type"": ""homepage"", ""why_important"": ""Explains core product and target customer."", ""used_in_reasoning"": true}, {""url"": ""https://getden.io/blog"", ""source_type"": ""blog"", ""why_important"": ""Product updates and engineering narrative."", ""used_in_reasoning"": false}, {""url"": ""https://getden.io/pricing"", ""source_type"": ""fallback_page"", ""why_important"": ""Fetched from search result for additional context."", ""used_in_reasoning"": false}, {""url"": ""https://getden.io/terms"", ""source_type"": ""fallback_page"", ""why_important"": ""Fetched from search result for additional context."", ""used_in_reasoning"": false}, {""url"": ""https://www.ycombinator.com/companies/den"", ""source_type"": ""seed_metadata"", ""why_important"": ""Source list metadata (YC/CMU)."", ""used_in_reasoning"": false}]",https://getden.io; https://getden.io/blog; https://getden.io/pricing; https://getden.io/terms; https://www.ycombinator.com/companies/den
14,pgdog-dev,PgDog,https://pgdog.dev,100,medium,true,manual_review_required; no_seed_email,,Lev Kokotov,Founder,,https://linkedin.com/in/levkk,seed_team,Exploring PostgreSQL Scaling and Incident Management with PgDog,"Hi Lev,

I noticed that PgDog is focused on enhancing PostgreSQL scalability and load balancing, which aligns with the needs of businesses managing growing database demands. Your approach to providing robust solutions for horizontal scaling and incident management piqued my interest. As you work towards building a comprehensive solution geared for enterprise use, I believe insights from Emergent Delta's AI-assisted incident root-cause analysis could complement your goals, especially in multi-tenant environments where PostgreSQL sharding is critical.

I’d like to understand your current challenges with PostgreSQL instances, particularly regarding scaling and incident response. What are the primary obstacles your team encounters? 

Best, 

[Your Name]","Hi Lev, I see PgDog's focus on PostgreSQL scaling solutions. Let's connect to discuss potential synergies!","What are the current challenges you face while managing your PostgreSQL instances, particularly in scaling and incident response?",https://pgdog.dev,https://pgdog.dev/careers,https://docs.pgdog.dev,"[{""url"": ""https://docs.pgdog.dev"", ""source_type"": ""docs"", ""why_important"": ""Shows public API/integration/developer surface."", ""used_in_reasoning"": true}, {""url"": ""https://docs.pgdog.dev/features/load-balancer/"", ""source_type"": ""fallback_page"", ""why_important"": ""Fetched from search result for additional context."", ""used_in_reasoning"": false}, {""url"": ""https://docs.pgdog.dev/features/sharding/"", ""source_type"": ""fallback_page"", ""why_important"": ""Fetched from search result for additional context."", ""used_in_reasoning"": false}, {""url"": ""https://docs.pgdog.dev/features/transaction-mode/"", ""source_type"": ""fallback_page"", ""why_important"": ""Fetched from search result for additional context."", ""used_in_reasoning"": false}, {""url"": ""https://docs.pgdog.dev/installation/"", ""source_type"": ""fallback_page"", ""why_important"": ""Fetched from search result for additional context."", ""used_in_reasoning"": false}, {""url"": ""https://github.com/pgdogdev/pgdog"", ""source_type"": ""github"", ""why_important"": ""Technical footprint and engineering culture."", ""used_in_reasoning"": false}, {""url"": ""https://pgdog.dev"", ""source_type"": ""homepage"", ""why_important"": ""Explains core product and target customer."", ""used_in_reasoning"": true}, {""url"": ""https://pgdog.dev/blog/"", ""source_type"": ""blog"", ""why_important"": ""Product updates and engineering narrative."", ""used_in_reasoning"": false}, {""url"": ""https://pgdog.dev/careers"", ""source_type"": ""careers"", ""why_important"": ""Contains hiring/on-call/reliability signals."", ""used_in_reasoning"": true}, {""url"": ""https://pgdog.dev/status"", ""source_type"": ""status"", ""why_important"": ""Indicates production uptime monitoring."", ""used_in_reasoning"": false}, {""url"": ""https://www.ycombinator.com/companies/pgdog"", ""source_type"": ""seed_metadata"", ""why_important"": ""Source list metadata (YC/CMU)."", ""used_in_reasoning"": false}]",https://docs.pgdog.dev; https://docs.pgdog.dev/features/load-balancer/; https://docs.pgdog.dev/features/sharding/; https://docs.pgdog.dev/features/transaction-mode/; https://docs.pgdog.dev/installation/; https://github.com/pgdogdev/pgdog; https://pgdog.dev; https://pgdog.dev/blog/; https://pgdog.dev/careers; https://pgdog.dev/status; https://www.ycombinator.com/companies/pgdog
15,usekestrel-ai,Kestrel AI,https://usekestrel.ai,100,high,true,manual_review_required; no_seed_email,,Raman Varma,Founder,,https://www.linkedin.com/in/ramanvarma/,seed_team,Inquiry About Cloud Incident Management Solutions,"Hi Raman,

I came across Kestrel AI and noticed your emphasis on AI-powered incident response for cloud services and Kubernetes management. Your platform's capabilities to automatically identify and remediate cloud and Kubernetes incidents are particularly intriguing given the increasing complexity in cloud environments today.

Many engineering teams are struggling with effectively managing incidents and conducting root cause analyses across their cloud and Kubernetes setups. Your approach of integrating AI to automate these processes could significantly streamline operational workflows for companies facing these challenges.

I would appreciate your insights on how Kestrel AI assists small engineering teams in implementing these solutions practically. What strategies have you found most effective in addressing the challenge of automated root cause analysis? 

Best,
[Your Name]","Hi Raman, I'm impressed by Kestrel AI's AI-driven incident response solutions. I'd love to connect and learn more about your work.",What strategies have you found most effective in addressing the challenge of automated root cause analysis?,https://usekestrel.ai,,https://docs.usekestrel.ai/quickstart,"[{""url"": ""https://docs.usekestrel.ai/introduction"", ""source_type"": ""fallback_page"", ""why_important"": ""Fetched from search result for additional context."", ""used_in_reasoning"": false}, {""url"": ""https://docs.usekestrel.ai/quickstart"", ""source_type"": ""docs"", ""why_important"": ""Shows public API/integration/developer surface."", ""used_in_reasoning"": true}, {""url"": ""https://github.com/KestrelAI/Kestrel-Operator"", ""source_type"": ""github"", ""why_important"": ""Technical footprint and engineering culture."", ""used_in_reasoning"": false}, {""url"": ""https://status.usekestrel.ai"", ""source_type"": ""status"", ""why_important"": ""Indicates production uptime monitoring."", ""used_in_reasoning"": false}, {""url"": ""https://usekestrel.ai"", ""source_type"": ""homepage"", ""why_important"": ""Explains core product and target customer."", ""used_in_reasoning"": true}, {""url"": ""https://usekestrel.ai/blog"", ""source_type"": ""fallback_page"", ""why_important"": ""Fetched from search result for additional context."", ""used_in_reasoning"": false}, {""url"": ""https://usekestrel.ai/changelog"", ""source_type"": ""changelog"", ""why_important"": ""Release discipline and operational change signals."", ""used_in_reasoning"": false}, {""url"": ""https://www.ycombinator.com/companies/kestrel-ai"", ""source_type"": ""seed_metadata"", ""why_important"": ""Source list metadata (YC/CMU)."", ""used_in_reasoning"": false}]",https://docs.usekestrel.ai/introduction; https://docs.usekestrel.ai/quickstart; https://github.com/KestrelAI/Kestrel-Operator; https://status.usekestrel.ai; https://usekestrel.ai; https://usekestrel.ai/blog; https://usekestrel.ai/changelog; https://www.ycombinator.com/companies/kestrel-ai
16,hyperspell-com,Hyperspell,https://hyperspell.com,100,medium,false,manual_review_required; no_seed_contact; no_seed_email; no_linkedin_url,CTO or Head of Engineering,,,,,persona_only,Exploring AI Memory Integration Challenges,"Hi, 

I am reaching out because Hyperspell specializes in enhancing the memory and context capabilities of AI agents, which aligns with trends in B2B applications where production reliability is crucial. Our platform addresses common challenges such as integrating diverse data sources for AI-driven interfaces and improving incident response through AI-assisted analytics.

Since your company is likely dealing with complex integrations, I’d like to understand more about your current strategies. What challenges do you face in integrating and managing data sources for your AI agents? 

Best regards,",I'm interested in discussing AI memory integration challenges at your company.,What challenges do you face in integrating and managing data sources for your AI agents?,https://www.hyperspell.com/,,https://docs.hyperspell.com,"[{""url"": ""https://docs.hyperspell.com"", ""source_type"": ""docs"", ""why_important"": ""Shows public API/integration/developer surface."", ""used_in_reasoning"": true}, {""url"": ""https://docs.hyperspell.com/core/introduction"", ""source_type"": ""fallback_page"", ""why_important"": ""Fetched from search result for additional context."", ""used_in_reasoning"": false}, {""url"": ""https://github.com/hyperspell"", ""source_type"": ""github"", ""why_important"": ""Technical footprint and engineering culture."", ""used_in_reasoning"": false}, {""url"": ""https://hyperspell.com/"", ""source_type"": ""search_result"", ""why_important"": ""Discovered via web search fallback."", ""used_in_reasoning"": false}, {""url"": ""https://www.hyperspell.com/"", ""source_type"": ""homepage"", ""why_important"": ""Explains core product and target customer."", ""used_in_reasoning"": true}, {""url"": ""https://www.hyperspell.com/blog"", ""source_type"": ""blog"", ""why_important"": ""Product updates and engineering narrative."", ""used_in_reasoning"": false}, {""url"": ""https://www.ycombinator.com/companies/hyperspell"", ""source_type"": ""seed_metadata"", ""why_important"": ""Source list metadata (YC/CMU)."", ""used_in_reasoning"": false}]",https://docs.hyperspell.com; https://docs.hyperspell.com/core/introduction; https://github.com/hyperspell; https://hyperspell.com/; https://www.hyperspell.com/; https://www.hyperspell.com/blog; https://www.ycombinator.com/companies/hyperspell
17,metorial-com,Metorial,https://metorial.com,100,medium,false,manual_review_required; no_seed_contact; no_seed_email; no_linkedin_url,CTO or Head of Engineering,,,,,persona_only,Exploring Integration Solutions for Incident Management,"Hello,

Metorial provides a robust infrastructure for AI-native companies, enabling seamless integration and connection of tools for engineering teams. I noticed that your team might be dealing with integration complexities and operational support challenges without a full SRE organization. Our product, Emergent Delta, is designed to assist small engineering teams in conducting efficient incident root-cause analysis, even those without a dedicated reliability headcount.

With comprehensive API documentation and extensive integration capabilities, we could help streamline your incident response processes and improve operational efficiency. 

Could you share how you currently manage incident analysis and response within your engineering teams? 

Best regards,

[Your Name]",Hi! I’m interested in how Metorial's infrastructure supports AI-native companies like yours.,How do you currently manage incident analysis and response within your engineering teams?,https://metorial.com,https://meteor.computer/careers,https://marketplace.metorial.com/providers?search=Apify,"[{""url"": ""https://github.com/metorial"", ""source_type"": ""github"", ""why_important"": ""Technical footprint and engineering culture."", ""used_in_reasoning"": false}, {""url"": ""https://github.com/metorial/metorial-node"", ""source_type"": ""fallback_page"", ""why_important"": ""Fetched from search result for additional context."", ""used_in_reasoning"": false}, {""url"": ""https://github.com/metorial/metorial-python"", ""source_type"": ""fallback_page"", ""why_important"": ""Fetched from search result for additional context."", ""used_in_reasoning"": false}, {""url"": ""https://marketplace.metorial.com/providers"", ""source_type"": ""fallback_page"", ""why_important"": ""Fetched from search result for additional context."", ""used_in_reasoning"": false}, {""url"": ""https://marketplace.metorial.com/providers?search=Apify"", ""source_type"": ""docs"", ""why_important"": ""Shows public API/integration/developer surface."", ""used_in_reasoning"": false}, {""url"": ""https://meteor.computer/careers"", ""source_type"": ""careers"", ""why_important"": ""Contains hiring/on-call/reliability signals."", ""used_in_reasoning"": true}, {""url"": ""https://metorial.com"", ""source_type"": ""homepage"", ""why_important"": ""Explains core product and target customer."", ""used_in_reasoning"": true}, {""url"": ""https://metorial.com/api"", ""source_type"": ""fallback_page"", ""why_important"": ""Fetched from search result for additional context."", ""used_in_reasoning"": false}, {""url"": ""https://metorial.com/blog"", ""source_type"": ""blog"", ""why_important"": ""Product updates and engineering narrative."", ""used_in_reasoning"": false}, {""url"": ""https://metorial.com/docs"", ""source_type"": ""fallback_page"", ""why_important"": ""Fetched from search result for additional context."", ""used_in_reasoning"": true}, {""url"": ""https://metorial.com/legal/api-terms"", ""source_type"": ""fallback_page"", ""why_important"": ""Fetched from search result for additional context."", ""used_in_reasoning"": false}, {""url"": ""https://status.metorial.com"", ""source_type"": ""status"", ""why_important"": ""Indicates production uptime monitoring."", ""used_in_reasoning"": false}, {""url"": ""https://www.ycombinator.com/companies/metorial"", ""source_type"": ""seed_metadata"", ""why_important"": ""Source list metadata (YC/CMU)."", ""used_in_reasoning"": false}]",https://github.com/metorial; https://github.com/metorial/metorial-node; https://github.com/metorial/metorial-python; https://marketplace.metorial.com/providers; https://marketplace.metorial.com/providers?search=Apify; https://meteor.computer/careers; https://metorial.com; https://metorial.com/api; https://metorial.com/blog; https://metorial.com/docs; https://metorial.com/legal/api-terms; https://status.metorial.com; https://www.ycombinator.com/companies/metorial
18,s2-dev,s2.dev,https://s2.dev,100,medium,true,manual_review_required; no_seed_email,,Shikhar Bhushan,Co-founder and CEO,,https://linkedin.com/in/shikhrr,seed_team,Exploring RCA for Your Real-Time Data Streams,"Hi Shikhar,

I came across S2.dev and your innovative approach to durable streaming APIs for real-time data applications. Given your focus on production-critical software, I believe there’s alignment with Emergent Delta’s capabilities in providing AI-assisted root-cause analysis (RCA) tailored for small engineering teams. 

I understand that your team may face challenges with real-time data stream management, incident response, and the need for effective RCA tools, particularly without dedicated SRE teams. Our product can surface insights from logs and deployments, thus simplifying incident handling as you scale. 

Can you share how your team currently manages incident response and root cause analysis for your streaming applications? 

Best regards,
[Your Name]","Hi Shikhar, I'm interested in connecting to discuss RCA insights for real-time streaming applications.",How does your team currently handle incident management and root cause analysis for your real-time streaming applications?,https://s2.dev,https://s2.dev/docs/use-cases/live-view,https://s2.dev/docs,"[{""url"": ""https://github.com/s2-streamstore"", ""source_type"": ""fallback_page"", ""why_important"": ""Fetched from search result for additional context."", ""used_in_reasoning"": false}, {""url"": ""https://github.com/s2-streamstore/s2"", ""source_type"": ""fallback_page"", ""why_important"": ""Fetched from search result for additional context."", ""used_in_reasoning"": false}, {""url"": ""https://s2.dev"", ""source_type"": ""homepage"", ""why_important"": ""Explains core product and target customer."", ""used_in_reasoning"": true}, {""url"": ""https://s2.dev/blog"", ""source_type"": ""fallback_page"", ""why_important"": ""Fetched from search result for additional context."", ""used_in_reasoning"": false}, {""url"": ""https://s2.dev/blog/access-control"", ""source_type"": ""search_result"", ""why_important"": ""Discovered via web search fallback."", ""used_in_reasoning"": false}, {""url"": ""https://s2.dev/blog/ga"", ""source_type"": ""blog"", ""why_important"": ""Product updates and engineering narrative."", ""used_in_reasoning"": true}, {""url"": ""https://s2.dev/blog/intro"", ""source_type"": ""fallback_page"", ""why_important"": ""Fetched from search result for additional context."", ""used_in_reasoning"": false}, {""url"": ""https://s2.dev/blog/video-conferencing"", ""source_type"": ""search_result"", ""why_important"": ""Discovered via web search fallback."", ""used_in_reasoning"": false}, {""url"": ""https://s2.dev/careers"", ""source_type"": ""search_result"", ""why_important"": ""Discovered via web search fallback."", ""used_in_reasoning"": false}, {""url"": ""https://s2.dev/docs"", ""source_type"": ""docs"", ""why_important"": ""Shows public API/integration/developer surface."", ""used_in_reasoning"": false}, {""url"": ""https://s2.dev/docs/concepts/reads#consistency"", ""source_type"": ""fallback_page"", ""why_important"": ""Fetched from search result for additional context."", ""used_in_reasoning"": false}, {""url"": ""https://s2.dev/docs/integrations/flink"", ""source_type"": ""search_result"", ""why_important"": ""Discovered via web search fallback."", ""used_in_reasoning"": true}, {""url"": ""https://s2.dev/docs/intro"", ""source_type"": ""fallback_page"", ""why_important"": ""Fetched from search result for additional context."", ""used_in_reasoning"": true}, {""url"": ""https://s2.dev/docs/platform/architecture"", ""source_type"": ""search_result"", ""why_important"": ""Discovered via web search fallback."", ""used_in_reasoning"": false}, {""url"": ""https://s2.dev/docs/use-cases/live-view"", ""source_type"": ""careers"", ""why_important"": ""Contains hiring/on-call/reliability signals."", ""used_in_reasoning"": false}, {""url"": ""https://status.s2.dev"", ""source_type"": ""status"", ""why_important"": ""Indicates production uptime monitoring."", ""used_in_reasoning"": false}, {""url"": ""https://www.ycombinator.com/companies/s2-dev"", ""source_type"": ""seed_metadata"", ""why_important"": ""Source list metadata (YC/CMU)."", ""used_in_reasoning"": false}]",https://github.com/s2-streamstore; https://github.com/s2-streamstore/s2; https://s2.dev; https://s2.dev/blog; https://s2.dev/blog/access-control; https://s2.dev/blog/ga; https://s2.dev/blog/intro; https://s2.dev/blog/video-conferencing; https://s2.dev/careers; https://s2.dev/docs; https://s2.dev/docs/concepts/reads#consistency; https://s2.dev/docs/integrations/flink; https://s2.dev/docs/intro; https://s2.dev/docs/platform/architecture; https://s2.dev/docs/use-cases/live-view; https://status.s2.dev; https://www.ycombinator.com/companies/s2-dev
19,deeptrace-com,Deeptrace,https://deeptrace.com,100,medium,false,manual_review_required; no_seed_contact; no_seed_email; no_linkedin_url,DevOps Manager or Engineering Lead,,,,,persona_only,Exploring Incident Management Challenges,"Hello,

At Deeptrace, we provide an AI-assisted incident root-cause analysis tool designed to empower small engineering teams like yours, particularly where SRE resources are limited. Our platform integrates seamlessly into existing structures to help streamline incident management and support faster resolution times, while aiming to reduce alert fatigue commonly experienced by your team.

Given your focus on delivering reliable production services, I am interested in understanding how your team currently manages production alerts and incidents. What specific challenges do you face in this area that hinder operational efficiency and effectiveness? 

Best regards,

[Your Name] 
[Your Position] 
[Your Company]","Hi, I’d like to connect and discuss how small engineering teams manage production incidents.",What challenges do you face in managing production alerts and incidents?,https://deeptrace.com,https://jobs.ashbyhq.com/bluerocksecurity/f028b16f-f308-4343-96f6-d86fec16a8ee,https://docs.deeptrace.com/introduction,"[{""url"": ""https://deeptrace.com"", ""source_type"": ""homepage"", ""why_important"": ""Explains core product and target customer."", ""used_in_reasoning"": false}, {""url"": ""https://deeptrace.com/blog"", ""source_type"": ""blog"", ""why_important"": ""Product updates and engineering narrative."", ""used_in_reasoning"": false}, {""url"": ""https://deeptrace.com/terms-of-service"", ""source_type"": ""fallback_page"", ""why_important"": ""Fetched from search result for additional context."", ""used_in_reasoning"": false}, {""url"": ""https://docs.deeptrace.com/introduction"", ""source_type"": ""docs"", ""why_important"": ""Shows public API/integration/developer surface."", ""used_in_reasoning"": true}, {""url"": ""https://jobs.ashbyhq.com/bluerocksecurity/f028b16f-f308-4343-96f6-d86fec16a8ee"", ""source_type"": ""careers"", ""why_important"": ""Contains hiring/on-call/reliability signals."", ""used_in_reasoning"": false}, {""url"": ""https://status.deeptrace.com"", ""source_type"": ""status"", ""why_important"": ""Indicates production uptime monitoring."", ""used_in_reasoning"": false}, {""url"": ""https://trust.deeptrace.com/controls"", ""source_type"": ""fallback_page"", ""why_important"": ""Fetched from search result for additional context."", ""used_in_reasoning"": false}, {""url"": ""https://www.ycombinator.com/companies/deeptrace"", ""source_type"": ""seed_metadata"", ""why_important"": ""Source list metadata (YC/CMU)."", ""used_in_reasoning"": false}]",https://deeptrace.com; https://deeptrace.com/blog; https://deeptrace.com/terms-of-service; https://docs.deeptrace.com/introduction; https://jobs.ashbyhq.com/bluerocksecurity/f028b16f-f308-4343-96f6-d86fec16a8ee; https://status.deeptrace.com; https://trust.deeptrace.com/controls; https://www.ycombinator.com/companies/deeptrace
20,unsiloed-ai,Unsiloed AI,https://www.unsiloed.ai,100,medium,false,no_seed_contact; no_seed_email; no_linkedin_url,CTO or Head of Engineering focusing on AI or unstructured data solutions,,,,,persona_only,Inquiry on Unstructured Data Processing Solutions,"Dear CTO or Head of Engineering,

I’m reaching out regarding Unsiloed AI and its innovative API for parsing multimodal unstructured data. As organizations increasingly rely on efficient data processing workflows, handling complexities within documents becomes critical. Your API seems well-positioned to tackle these challenges, especially considering its focus on enterprise applications.

Could you share insights into any current challenges your teams encounter with unstructured data processing? Understanding these could inform potential alignment of our offerings.

Best regards,
[Your Name]",Interested in discussing unstructured data solutions and collaboration opportunities.,What challenges do you face with unstructured data processing in your current systems?,https://www.unsiloed.ai,https://jobs.gem.com/unsiloed-ai,https://docs.unsiloed.ai/,"[{""url"": ""https://docs.unsiloed.ai/"", ""source_type"": ""docs"", ""why_important"": ""Shows public API/integration/developer surface."", ""used_in_reasoning"": false}, {""url"": ""https://github.com/Unsiloed-AI"", ""source_type"": ""github"", ""why_important"": ""Technical footprint and engineering culture."", ""used_in_reasoning"": false}, {""url"": ""https://jobs.gem.com/unsiloed-ai"", ""source_type"": ""careers"", ""why_important"": ""Contains hiring/on-call/reliability signals."", ""used_in_reasoning"": true}, {""url"": ""https://www.unsiloed.ai"", ""source_type"": ""homepage"", ""why_important"": ""Explains core product and target customer."", ""used_in_reasoning"": false}, {""url"": ""https://www.unsiloed.ai/about"", ""source_type"": ""fallback_page"", ""why_important"": ""Fetched from search result for additional context."", ""used_in_reasoning"": false}, {""url"": ""https://www.unsiloed.ai/about-us"", ""source_type"": ""fallback_page"", ""why_important"": ""Fetched from search result for additional context."", ""used_in_reasoning"": false}, {""url"": ""https://www.unsiloed.ai/blog"", ""source_type"": ""blog"", ""why_important"": ""Product updates and engineering narrative."", ""used_in_reasoning"": false}, {""url"": ""https://www.unsiloed.ai/pricing"", ""source_type"": ""fallback_page"", ""why_important"": ""Fetched from search result for additional context."", ""used_in_reasoning"": false}, {""url"": ""https://www.unsiloed.ai/status"", ""source_type"": ""status"", ""why_important"": ""Indicates production uptime monitoring."", ""used_in_reasoning"": false}, {""url"": ""https://www.unsiloed.ai/team"", ""source_type"": ""fallback_page"", ""why_important"": ""Fetched from search result for additional context."", ""used_in_reasoning"": false}, {""url"": ""https://www.ycombinator.com/companies/unsiloed-ai"", ""source_type"": ""seed_metadata"", ""why_important"": ""Source list metadata (YC/CMU)."", ""used_in_reasoning"": false}]",https://docs.unsiloed.ai/; https://github.com/Unsiloed-AI; https://jobs.gem.com/unsiloed-ai; https://www.unsiloed.ai; https://www.unsiloed.ai/about; https://www.unsiloed.ai/about-us; https://www.unsiloed.ai/blog; https://www.unsiloed.ai/pricing; https://www.unsiloed.ai/status; https://www.unsiloed.ai/team; https://www.ycombinator.com/companies/unsiloed-ai
21,bolna-ai,Bolna AI,https://bolna.ai,100,high,false,no_seed_contact; no_seed_email; no_linkedin_url,CTO or Head of Engineering at mid-sized B2B companies,,,,,persona_only,Exploring Multilingual Voice AI Solutions,"Hello,

I am reaching out to discuss Bolna AI's voice AI platform, which provides a robust multilingual voice agent solution that can enhance your customer interactions. Our platform is designed to support enterprises by improving scalability in managing inbound and outbound communications, particularly in a multilingual context.

Many mid-sized B2B companies face challenges with integrating voice AI into their existing systems and managing voice calls effectively. Our solution aims to alleviate these concerns, potentially improving your customer satisfaction scores significantly. 

I would like to understand more about the specific issues you encounter regarding scalability and integration of voice technology. What challenges are you currently facing with your customer support call operations?",Exploring multilingual support solutions for effective customer interactions at Bolna AI.,What challenges are you currently facing with your customer support call operations?,https://www.bolna.ai/,https://www.bolna.ai/careers,https://www.bolna.ai/docs,"[{""url"": ""https://status.bolna.ai"", ""source_type"": ""status"", ""why_important"": ""Indicates production uptime monitoring."", ""used_in_reasoning"": false}, {""url"": ""https://www.bolna.ai/"", ""source_type"": ""homepage"", ""why_important"": ""Explains core product and target customer."", ""used_in_reasoning"": true}, {""url"": ""https://www.bolna.ai/careers"", ""source_type"": ""careers"", ""why_important"": ""Contains hiring/on-call/reliability signals."", ""used_in_reasoning"": true}, {""url"": ""https://www.bolna.ai/docs"", ""source_type"": ""docs"", ""why_important"": ""Shows public API/integration/developer surface."", ""used_in_reasoning"": true}, {""url"": ""https://www.bolna.ai/docs/api-reference/agent/v2/overview"", ""source_type"": ""fallback_page"", ""why_important"": ""Fetched from search result for additional context."", ""used_in_reasoning"": false}, {""url"": ""https://www.bolna.ai/docs/api-reference/calls/overview"", ""source_type"": ""fallback_page"", ""why_important"": ""Fetched from search result for additional context."", ""used_in_reasoning"": false}, {""url"": ""https://www.bolna.ai/docs/api-reference/executions/overview"", ""source_type"": ""fallback_page"", ""why_important"": ""Fetched from search result for additional context."", ""used_in_reasoning"": false}, {""url"": ""https://www.bolna.ai/docs/api-reference/inbound/overview"", ""source_type"": ""fallback_page"", ""why_important"": ""Fetched from search result for additional context."", ""used_in_reasoning"": false}, {""url"": ""https://www.bolna.ai/docs/api-reference/introduction"", ""source_type"": ""fallback_page"", ""why_important"": ""Fetched from search result for additional context."", ""used_in_reasoning"": false}, {""url"": ""https://www.bolna.ai/docs/api-reference/phone-numbers/overview"", ""source_type"": ""fallback_page"", ""why_important"": ""Fetched from search result for additional context."", ""used_in_reasoning"": false}, {""url"": ""https://www.bolna.ai/newsroom/bolna-bags-63-million-seed-funding-led-by-general-catalyst-to-build-indias-voice-ai-platform"", ""source_type"": ""blog"", ""why_important"": ""Product updates and engineering narrative."", ""used_in_reasoning"": false}, {""url"": ""https://www.ycombinator.com/companies/bolna-ai"", ""source_type"": ""seed_metadata"", ""why_important"": ""Source list metadata (YC/CMU)."", ""used_in_reasoning"": false}]",https://status.bolna.ai; https://www.bolna.ai/; https://www.bolna.ai/careers; https://www.bolna.ai/docs; https://www.bolna.ai/docs/api-reference/agent/v2/overview; https://www.bolna.ai/docs/api-reference/calls/overview; https://www.bolna.ai/docs/api-reference/executions/overview; https://www.bolna.ai/docs/api-reference/inbound/overview; https://www.bolna.ai/docs/api-reference/introduction; https://www.bolna.ai/docs/api-reference/phone-numbers/overview; https://www.bolna.ai/newsroom/bolna-bags-63-million-seed-funding-led-by-general-catalyst-to-build-indias-voice-ai-platform; https://www.ycombinator.com/companies/bolna-ai
22,heylua-ai,Lua Global Inc,https://heylua.ai,100,medium,false,manual_review_required; no_seed_contact; no_seed_email; no_linkedin_url,CTO or Lead Engineer at a B2B software firm,,,,,persona_only,Streamlining Incident Management for Engineering Teams,"Hello,

At Lua Global Inc, we focus on enabling the development of AI agents tailored for production-critical environments. Our platform is designed for small engineering teams that may need support in incident management and root-cause analysis. With our APIs and developer-friendly documentation, you can rapidly deploy solutions that help surface insights from logs and runbooks without the necessity of a full SRE team.

I'm curious about how your team currently handles incident management and root-cause analysis. Would you be open to discussing your processes further?",Lua helps small engineering teams rapidly analyze incidents with AI agents.,How currently do you handle incident management and root-cause analysis?,https://heylua.ai,https://heylua.ai/careers,https://heylua.ai/developers/,"[{""url"": ""https://blog.heylua.ai/"", ""source_type"": ""blog"", ""why_important"": ""Product updates and engineering narrative."", ""used_in_reasoning"": false}, {""url"": ""https://docs.heylua.ai"", ""source_type"": ""fallback_page"", ""why_important"": ""Fetched from search result for additional context."", ""used_in_reasoning"": false}, {""url"": ""https://docs.heylua.ai/api/overview"", ""source_type"": ""fallback_page"", ""why_important"": ""Fetched from search result for additional context."", ""used_in_reasoning"": false}, {""url"": ""https://docs.heylua.ai/examples/overview"", ""source_type"": ""fallback_page"", ""why_important"": ""Fetched from search result for additional context."", ""used_in_reasoning"": false}, {""url"": ""https://heylua.ai"", ""source_type"": ""homepage"", ""why_important"": ""Explains core product and target customer."", ""used_in_reasoning"": true}, {""url"": ""https://heylua.ai/careers"", ""source_type"": ""careers"", ""why_important"": ""Contains hiring/on-call/reliability signals."", ""used_in_reasoning"": true}, {""url"": ""https://heylua.ai/developers/"", ""source_type"": ""docs"", ""why_important"": ""Shows public API/integration/developer surface."", ""used_in_reasoning"": true}, {""url"": ""https://heylua.ai/templates"", ""source_type"": ""fallback_page"", ""why_important"": ""Fetched from search result for additional context."", ""used_in_reasoning"": false}, {""url"": ""https://heylua.ai/terms-of-service"", ""source_type"": ""fallback_page"", ""why_important"": ""Fetched from search result for additional context."", ""used_in_reasoning"": false}, {""url"": ""https://www.ycombinator.com/companies/lua-global-inc"", ""source_type"": ""seed_metadata"", ""why_important"": ""Source list metadata (YC/CMU)."", ""used_in_reasoning"": false}]",https://blog.heylua.ai/; https://docs.heylua.ai; https://docs.heylua.ai/api/overview; https://docs.heylua.ai/examples/overview; https://heylua.ai; https://heylua.ai/careers; https://heylua.ai/developers/; https://heylua.ai/templates; https://heylua.ai/terms-of-service; https://www.ycombinator.com/companies/lua-global-inc
23,videogen-io,VideoGen,https://videogen.io,100,medium,false,manual_review_required; no_seed_contact; no_seed_email; no_linkedin_url,CTO or Head of Engineering,,,,,persona_only,Exploring Video Production Scalability Challenges,"Hello,

I came across VideoGen’s AI video generation platform, particularly its ability to automate video creation and editing through your API. Given its emphasis on efficient video production and reliability, it seems to resonate well with the challenges many organizations face today in scaling video content effectively.

Your platform appears to address common pain points such as integration issues with existing tools and the time-consuming nature of video editing processes. Continuous improvement in customer support also signifies a strong commitment to user needs.

We are currently conducting interviews to better understand how production teams like yours navigate these challenges. Can you share what specific obstacles you encounter when trying to scale your video production processes? 

Thank you for your time.","Hi, I see that VideoGen focuses on AI for video generation. I'd like to connect and discuss how your team scales video production.",What challenges do you currently face in scaling your video production processes?,https://videogen.io,https://app.dover.com/jobs/videogen,https://videogen.io/videogen-api,"[{""url"": ""https://app.dover.com/jobs/videogen"", ""source_type"": ""careers"", ""why_important"": ""Contains hiring/on-call/reliability signals."", ""used_in_reasoning"": true}, {""url"": ""https://blog.videogen.io"", ""source_type"": ""blog"", ""why_important"": ""Product updates and engineering narrative."", ""used_in_reasoning"": false}, {""url"": ""https://docs.videogen.io/introduction"", ""source_type"": ""fallback_page"", ""why_important"": ""Fetched from search result for additional context."", ""used_in_reasoning"": false}, {""url"": ""https://status.videogen.io"", ""source_type"": ""status"", ""why_important"": ""Indicates production uptime monitoring."", ""used_in_reasoning"": false}, {""url"": ""https://videogen.io"", ""source_type"": ""homepage"", ""why_important"": ""Explains core product and target customer."", ""used_in_reasoning"": false}, {""url"": ""https://videogen.io/changelog"", ""source_type"": ""fallback_page"", ""why_important"": ""Fetched from search result for additional context."", ""used_in_reasoning"": false}, {""url"": ""https://videogen.io/news"", ""source_type"": ""fallback_page"", ""why_important"": ""Fetched from search result for additional context."", ""used_in_reasoning"": false}, {""url"": ""https://videogen.io/pricing"", ""source_type"": ""fallback_page"", ""why_important"": ""Fetched from search result for additional context."", ""used_in_reasoning"": false}, {""url"": ""https://videogen.io/solutions"", ""source_type"": ""fallback_page"", ""why_important"": ""Fetched from search result for additional context."", ""used_in_reasoning"": false}, {""url"": ""https://videogen.io/videogen-api"", ""source_type"": ""docs"", ""why_important"": ""Shows public API/integration/developer surface."", ""used_in_reasoning"": true}, {""url"": ""https://www.ycombinator.com/companies/videogen"", ""source_type"": ""seed_metadata"", ""why_important"": ""Source list metadata (YC/CMU)."", ""used_in_reasoning"": false}]",https://app.dover.com/jobs/videogen; https://blog.videogen.io; https://docs.videogen.io/introduction; https://status.videogen.io; https://videogen.io; https://videogen.io/changelog; https://videogen.io/news; https://videogen.io/pricing; https://videogen.io/solutions; https://videogen.io/videogen-api; https://www.ycombinator.com/companies/videogen
24,pinnacle-sh,Pinnacle,https://pinnacle.sh,100,medium,true,manual_review_required; no_seed_email,Technical lead or Engineering Manager,Sean Roades,Founder,,https://www.linkedin.com/in/sr19943/,seed_team,Understanding Your Messaging Integration Challenges,"Hi Sean,

I noticed that Pinnacle focuses on providing a messaging API for B2B applications, which is key for efficient communication within teams. Given the importance of integrating multiple messaging formats like SMS, MMS, and RCS, I’m curious about the challenges you face in managing these integrations effectively.

Emergent Delta provides AI-assisted incident root-cause analysis tailored for production-critical systems, which could enhance your operational reliability. We're interested in understanding if there are specific pain points in your message handling processes. 

What challenges do you face regarding the integration and management of your messaging services?",Interested in how Pinnacle is enhancing messaging APIs for better incident management.,What challenges do you face regarding the integration and management of your messaging services?,https://www.pinnacle.sh/,https://www.pinnacle.sh/blog/sms-api-integrate-messaging-into-your-application,https://docs.pinnacle.sh/api-reference/messages/send-mms,"[{""url"": ""https://docs.pinnacle.sh/api-reference/messages/send-mms"", ""source_type"": ""docs"", ""why_important"": ""Shows public API/integration/developer surface."", ""used_in_reasoning"": false}, {""url"": ""https://docs.pinnacle.sh/mcp/mcp-server"", ""source_type"": ""fallback_page"", ""why_important"": ""Fetched from search result for additional context."", ""used_in_reasoning"": false}, {""url"": ""https://pinnacle.sh/blog/rcs-typing-indicators-real-time-user-status"", ""source_type"": ""search_result"", ""why_important"": ""Discovered via web search fallback."", ""used_in_reasoning"": false}, {""url"": ""https://status.pinnacle.sh"", ""source_type"": ""status"", ""why_important"": ""Indicates production uptime monitoring."", ""used_in_reasoning"": false}, {""url"": ""https://www.pinnacle.sh/"", ""source_type"": ""homepage"", ""why_important"": ""Explains core product and target customer."", ""used_in_reasoning"": false}, {""url"": ""https://www.pinnacle.sh/blog"", ""source_type"": ""blog"", ""why_important"": ""Product updates and engineering narrative."", ""used_in_reasoning"": false}, {""url"": ""https://www.pinnacle.sh/blog/rcs-analytics-the-business-leverage-behind-rich-messaging"", ""source_type"": ""search_result"", ""why_important"": ""Discovered via web search fallback."", ""used_in_reasoning"": false}, {""url"": ""https://www.pinnacle.sh/blog/sms-api-integrate-messaging-into-your-application"", ""source_type"": ""careers"", ""why_important"": ""Contains hiring/on-call/reliability signals."", ""used_in_reasoning"": false}, {""url"": ""https://www.ycombinator.com/companies/pinnacle"", ""source_type"": ""seed_metadata"", ""why_important"": ""Source list metadata (YC/CMU)."", ""used_in_reasoning"": false}]",https://docs.pinnacle.sh/api-reference/messages/send-mms; https://docs.pinnacle.sh/mcp/mcp-server; https://pinnacle.sh/blog/rcs-typing-indicators-real-time-user-status; https://status.pinnacle.sh; https://www.pinnacle.sh/; https://www.pinnacle.sh/blog; https://www.pinnacle.sh/blog/rcs-analytics-the-business-leverage-behind-rich-messaging; https://www.pinnacle.sh/blog/sms-api-integrate-messaging-into-your-application; https://www.ycombinator.com/companies/pinnacle
25,autumnlabs-io,Autumn Labs,https://www.autumnlabs.io,100,medium,false,manual_review_required; no_seed_contact; no_seed_email; no_linkedin_url,CTO or Head of Engineering,,,,,persona_only,Exploring Incident Response Challenges,"Hello,

I’m reaching out to discuss the incident resolution processes your team utilizes for managing robotic stations at Autumn Labs. Given your focus on streamlining operations with a small production team, I believe there's significant potential to leverage AI for faster root-cause analysis and incident management without the extensive infrastructure typically seen in larger enterprises.

Our AI-assisted platform could support your existing capabilities, enhancing your ability to respond to incidents swiftly. I’m interested in learning more about the challenges you experience in your current approach.

What challenges do you face in managing incident responses and root-cause analyses with your current team structure?",Interested in discussing incident response strategies for small production teams focused on efficiency.,What challenges do you face in managing incident responses and root-cause analyses with your current team structure?,https://autumnlabs.io/,https://autumnlabs.io/careers,https://autumnlabs.io/docs,"[{""url"": ""https://autumnlabs.io/"", ""source_type"": ""homepage"", ""why_important"": ""Explains core product and target customer."", ""used_in_reasoning"": true}, {""url"": ""https://autumnlabs.io/blog"", ""source_type"": ""blog"", ""why_important"": ""Product updates and engineering narrative."", ""used_in_reasoning"": false}, {""url"": ""https://autumnlabs.io/careers"", ""source_type"": ""careers"", ""why_important"": ""Contains hiring/on-call/reliability signals."", ""used_in_reasoning"": true}, {""url"": ""https://autumnlabs.io/docs"", ""source_type"": ""docs"", ""why_important"": ""Shows public API/integration/developer surface."", ""used_in_reasoning"": true}, {""url"": ""https://www.ycombinator.com/companies/autumn-labs"", ""source_type"": ""seed_metadata"", ""why_important"": ""Source list metadata (YC/CMU)."", ""used_in_reasoning"": false}]",https://autumnlabs.io/; https://autumnlabs.io/blog; https://autumnlabs.io/careers; https://autumnlabs.io/docs; https://www.ycombinator.com/companies/autumn-labs
26,simplex-sh,Simplex,https://simplex.sh,100,medium,true,manual_review_required; no_seed_email,Head of Engineering or API Product Manager,Shreya Karpoor,Founder,,https://linkedin.com/in/shreya-karpoor,seed_team,Streamline Provider Enrollment Processes with Simplex API,"Hi Shreya,

I came across Simplex and the API you offer for automating provider enrollment in healthcare. It appears particularly well-suited for improving workflows by enhancing automation and providing real-time updates on enrollment statuses.

With the increasing demand for more efficient processes in the healthcare sector, streamlining provider enrollment could address significant pain points such as slow integrations with payers.

Could you share what challenges you face with your current provider enrollment processes and how you envision resolving them? 

Best regards,

[Your Name] 
[Your Position] 
[Your Company] 
[Your Contact Information]","Hi Shreya, I'd love to connect and discuss how Simplex's API can enhance provider enrollment workflows in healthcare.",What challenges do you face with your current provider enrollment processes?,https://www.simplex.sh/,https://www.simplex.sh/docs/integrating-simplex/webhooks,https://simplex.sh/docs,"[{""url"": ""https://simplex.sh/docs"", ""source_type"": ""docs"", ""why_important"": ""Shows public API/integration/developer surface."", ""used_in_reasoning"": true}, {""url"": ""https://simplex.sh/docs/integrating-simplex/webhooks"", ""source_type"": ""search_result"", ""why_important"": ""Discovered via web search fallback."", ""used_in_reasoning"": false}, {""url"": ""https://www.simplex.sh/"", ""source_type"": ""homepage"", ""why_important"": ""Explains core product and target customer."", ""used_in_reasoning"": true}, {""url"": ""https://www.simplex.sh/blog"", ""source_type"": ""blog"", ""why_important"": ""Product updates and engineering narrative."", ""used_in_reasoning"": false}, {""url"": ""https://www.simplex.sh/changelog"", ""source_type"": ""fallback_page"", ""why_important"": ""Fetched from search result for additional context."", ""used_in_reasoning"": false}, {""url"": ""https://www.simplex.sh/docs/integrating-simplex/webhooks"", ""source_type"": ""careers"", ""why_important"": ""Contains hiring/on-call/reliability signals."", ""used_in_reasoning"": false}, {""url"": ""https://www.simplex.sh/docs/prior-auth-sdk/overview"", ""source_type"": ""fallback_page"", ""why_important"": ""Fetched from search result for additional context."", ""used_in_reasoning"": false}, {""url"": ""https://www.simplex.sh/privacy-policy"", ""source_type"": ""search_result"", ""why_important"": ""Discovered via web search fallback."", ""used_in_reasoning"": false}, {""url"": ""https://www.simplex.sh/status"", ""source_type"": ""status"", ""why_important"": ""Indicates production uptime monitoring."", ""used_in_reasoning"": true}, {""url"": ""https://www.simplex.sh/support"", ""source_type"": ""fallback_page"", ""why_important"": ""Fetched from search result for additional context."", ""used_in_reasoning"": false}, {""url"": ""https://www.simplex.sh/terms-of-service"", ""source_type"": ""fallback_page"", ""why_important"": ""Fetched from search result for additional context."", ""used_in_reasoning"": false}, {""url"": ""https://www.ycombinator.com/companies/simplex"", ""source_type"": ""seed_metadata"", ""why_important"": ""Source list metadata (YC/CMU)."", ""used_in_reasoning"": false}]",https://simplex.sh/docs; https://simplex.sh/docs/integrating-simplex/webhooks; https://www.simplex.sh/; https://www.simplex.sh/blog; https://www.simplex.sh/changelog; https://www.simplex.sh/docs/integrating-simplex/webhooks; https://www.simplex.sh/docs/prior-auth-sdk/overview; https://www.simplex.sh/privacy-policy; https://www.simplex.sh/status; https://www.simplex.sh/support; https://www.simplex.sh/terms-of-service; https://www.ycombinator.com/companies/simplex
27,decisional-com,Decisional AI,https://www.decisional.com,100,medium,false,manual_review_required; no_seed_contact; no_seed_email; no_linkedin_url,CTO or Head of Engineering,,,,,persona_only,Exploring Automation Solutions for Your Workflows,"Hello,

At Decisional AI, we specialize in building AI agents designed to automate workflows for small production teams, particularly in B2B contexts. Our offerings are rooted in solid API documentation, facilitating the management of multiple integrations and easing the setup of AI agents.

We've identified several challenges that teams like yours often face, including the need for greater automation in repetitive workflows and difficulties managing integrations efficiently. Our solution helps address these pain points effectively.

I’m interested in understanding how you are currently managing your workflows and what specific challenges you face with automation. Are there particular areas where you're seeking to improve efficiency or integration management?

Looking forward to your insights.","Hi, I'd like to connect and discuss your current workflow management and automation challenges.",How are you currently managing your workflows and what challenges do you face with automation?,https://www.decisional.com,https://finance.decisional.com/about,https://docs.decisional.com/,"[{""url"": ""https://docs.decisional.com/"", ""source_type"": ""docs"", ""why_important"": ""Shows public API/integration/developer surface."", ""used_in_reasoning"": true}, {""url"": ""https://docs.decisional.com/introduction"", ""source_type"": ""fallback_page"", ""why_important"": ""Fetched from search result for additional context."", ""used_in_reasoning"": true}, {""url"": ""https://finance.decisional.com/"", ""source_type"": ""search_result"", ""why_important"": ""Discovered via web search fallback."", ""used_in_reasoning"": false}, {""url"": ""https://finance.decisional.com/about"", ""source_type"": ""careers"", ""why_important"": ""Contains hiring/on-call/reliability signals."", ""used_in_reasoning"": false}, {""url"": ""https://finance.decisional.com/privacy-policy"", ""source_type"": ""search_result"", ""why_important"": ""Discovered via web search fallback."", ""used_in_reasoning"": false}, {""url"": ""https://finance.decisional.com/toc"", ""source_type"": ""search_result"", ""why_important"": ""Discovered via web search fallback."", ""used_in_reasoning"": false}, {""url"": ""https://status.decisional.com"", ""source_type"": ""status"", ""why_important"": ""Indicates production uptime monitoring."", ""used_in_reasoning"": false}, {""url"": ""https://www.decisional.com"", ""source_type"": ""homepage"", ""why_important"": ""Explains core product and target customer."", ""used_in_reasoning"": true}, {""url"": ""https://www.decisional.com/blog"", ""source_type"": ""blog"", ""why_important"": ""Product updates and engineering narrative."", ""used_in_reasoning"": false}, {""url"": ""https://www.decisional.com/blog/decisional-vs-n8n"", ""source_type"": ""fallback_page"", ""why_important"": ""Fetched from search result for additional context."", ""used_in_reasoning"": false}, {""url"": ""https://www.decisional.com/blog/decisional-vs-zapier-agents"", ""source_type"": ""fallback_page"", ""why_important"": ""Fetched from search result for additional context."", ""used_in_reasoning"": false}, {""url"": ""https://www.decisional.com/changelog"", ""source_type"": ""fallback_page"", ""why_important"": ""Fetched from search result for additional context."", ""used_in_reasoning"": false}, {""url"": ""https://www.decisional.com/pricing"", ""source_type"": ""fallback_page"", ""why_important"": ""Fetched from search result for additional context."", ""used_in_reasoning"": false}, {""url"": ""https://www.ycombinator.com/companies/decisional-ai"", ""source_type"": ""seed_metadata"", ""why_important"": ""Source list metadata (YC/CMU)."", ""used_in_reasoning"": false}]",https://docs.decisional.com/; https://docs.decisional.com/introduction; https://finance.decisional.com/; https://finance.decisional.com/about; https://finance.decisional.com/privacy-policy; https://finance.decisional.com/toc; https://status.decisional.com; https://www.decisional.com; https://www.decisional.com/blog; https://www.decisional.com/blog/decisional-vs-n8n; https://www.decisional.com/blog/decisional-vs-zapier-agents; https://www.decisional.com/changelog; https://www.decisional.com/pricing; https://www.ycombinator.com/companies/decisional-ai
28,thundercompute-com,Thunder Compute,https://www.thundercompute.com,100,medium,false,manual_review_required; no_seed_contact; no_seed_email; no_linkedin_url,CTO or engineering lead,,,,,persona_only,Exploring Incident Response Strategies,"Hello,

Thunder Compute has a strong foundation in providing cloud-based GPU resources tailored for developers and production-critical software teams. As you look to support your client base with faster incident resolution, developing streamlined incident response systems can be crucial amidst rapid deployment cycles.

Given your efforts to enhance GPU integration across diverse team landscapes, Emergent Delta offers AI-assisted capabilities designed for small engineering teams—particularly in leveraging existing logs and deployment data for quicker root-cause analysis. This may align with your goals for improved operational reliability.

Could you share insights on how your team currently manages incident responses and reliability as your service scales? 

Best regards,",Hi! I see Thunder Compute provides GPU resources for development teams. Interested to connect & learn more.,How are you currently managing your incident responses and reliability as your service scales?,https://www.thundercompute.com,https://www.ycombinator.com/companies/thunder-compute/jobs,https://www.thundercompute.com/docs/vscode/quickstart,"[{""url"": ""https://status.thundercompute.com"", ""source_type"": ""status"", ""why_important"": ""Indicates production uptime monitoring."", ""used_in_reasoning"": false}, {""url"": ""https://www.thundercompute.com"", ""source_type"": ""homepage"", ""why_important"": ""Explains core product and target customer."", ""used_in_reasoning"": true}, {""url"": ""https://www.thundercompute.com/about"", ""source_type"": ""fallback_page"", ""why_important"": ""Fetched from search result for additional context."", ""used_in_reasoning"": false}, {""url"": ""https://www.thundercompute.com/blog"", ""source_type"": ""blog"", ""why_important"": ""Product updates and engineering narrative."", ""used_in_reasoning"": false}, {""url"": ""https://www.thundercompute.com/contact"", ""source_type"": ""fallback_page"", ""why_important"": ""Fetched from search result for additional context."", ""used_in_reasoning"": false}, {""url"": ""https://www.thundercompute.com/docs/vscode/quickstart"", ""source_type"": ""docs"", ""why_important"": ""Shows public API/integration/developer surface."", ""used_in_reasoning"": true}, {""url"": ""https://www.thundercompute.com/pricing"", ""source_type"": ""fallback_page"", ""why_important"": ""Fetched from search result for additional context."", ""used_in_reasoning"": false}, {""url"": ""https://www.ycombinator.com/companies/thunder-compute"", ""source_type"": ""seed_metadata"", ""why_important"": ""Source list metadata (YC/CMU)."", ""used_in_reasoning"": true}, {""url"": ""https://www.ycombinator.com/companies/thunder-compute/jobs"", ""source_type"": ""careers"", ""why_important"": ""Contains hiring/on-call/reliability signals."", ""used_in_reasoning"": false}]",https://status.thundercompute.com; https://www.thundercompute.com; https://www.thundercompute.com/about; https://www.thundercompute.com/blog; https://www.thundercompute.com/contact; https://www.thundercompute.com/docs/vscode/quickstart; https://www.thundercompute.com/pricing; https://www.ycombinator.com/companies/thunder-compute; https://www.ycombinator.com/companies/thunder-compute/jobs
29,voker-ai,Voker,https://voker.ai,100,medium,false,manual_review_required; no_seed_contact; no_seed_email; no_linkedin_url,CTO or Head of Engineering,,,,,persona_only,Exploring AI Analytics Challenges for Engineering Teams,"Hi,

I’m reaching out to discuss the challenges many engineering teams face in deriving meaningful insights from AI agent interactions. As you might know, Voker’s AI analytics platform focuses on improving agent performance and connecting those interactions to key business outcomes. 

We understand that teams often struggle with gaining analytics on AI agent performance and finding it resource-intensive to gather necessary usage data. Voker aims to empower small engineering teams like yours, allowing for performance intelligence and structured analytics, which are crucial for quantifying AI investments.

I'm interested to know: What challenges are you currently facing in quantifying AI investment returns and agent performance? 

Best regards,","Hi, I'm exploring insights on AI analytics challenges faced by engineering teams. Let's connect!",What challenges are you facing in quantifying AI investment returns and agent performance?,https://voker.ai,https://voker.ai/blog/the-rise-of-the-agent-engineer,https://app.voker.ai/docs/overview,"[{""url"": ""https://app.voker.ai/docs/overview"", ""source_type"": ""docs"", ""why_important"": ""Shows public API/integration/developer surface."", ""used_in_reasoning"": true}, {""url"": ""https://app.voker.ai/docs/resources/changelog"", ""source_type"": ""fallback_page"", ""why_important"": ""Fetched from search result for additional context."", ""used_in_reasoning"": false}, {""url"": ""https://cal.com/tyler-postle"", ""source_type"": ""fallback_page"", ""why_important"": ""Fetched from search result for additional context."", ""used_in_reasoning"": false}, {""url"": ""https://voker.ai"", ""source_type"": ""homepage"", ""why_important"": ""Explains core product and target customer."", ""used_in_reasoning"": true}, {""url"": ""https://voker.ai/blog"", ""source_type"": ""blog"", ""why_important"": ""Product updates and engineering narrative."", ""used_in_reasoning"": false}, {""url"": ""https://voker.ai/blog-posts/putting-the-infinite-context-window-to-the-test"", ""source_type"": ""search_result"", ""why_important"": ""Discovered via web search fallback."", ""used_in_reasoning"": false}, {""url"": ""https://voker.ai/blog-posts/the-rise-of-the-agent-engineer"", ""source_type"": ""search_result"", ""why_important"": ""Discovered via web search fallback."", ""used_in_reasoning"": false}, {""url"": ""https://voker.ai/blog/do-llms-play-favorites"", ""source_type"": ""search_result"", ""why_important"": ""Discovered via web search fallback."", ""used_in_reasoning"": false}, {""url"": ""https://voker.ai/blog/the-rise-of-the-agent-engineer"", ""source_type"": ""careers"", ""why_important"": ""Contains hiring/on-call/reliability signals."", ""used_in_reasoning"": false}, {""url"": ""https://www.ycombinator.com/companies/voker"", ""source_type"": ""seed_metadata"", ""why_important"": ""Source list metadata (YC/CMU)."", ""used_in_reasoning"": true}]",https://app.voker.ai/docs/overview; https://app.voker.ai/docs/resources/changelog; https://cal.com/tyler-postle; https://voker.ai; https://voker.ai/blog; https://voker.ai/blog-posts/putting-the-infinite-context-window-to-the-test; https://voker.ai/blog-posts/the-rise-of-the-agent-engineer; https://voker.ai/blog/do-llms-play-favorites; https://voker.ai/blog/the-rise-of-the-agent-engineer; https://www.ycombinator.com/companies/voker
30,ledgerup-ai,LedgerUp,https://ledgerup.ai,100,medium,true,manual_review_required; no_seed_email,CFO or Head of Revenue Operations,Bailey Spell,Founder,,https://linkedin.com/in/bailey-spell-b487ab149,seed_team,Automating Billing Operations with AI,"Hi Bailey,

I’m reaching out to discuss LedgerUp’s focus on automating complex billing and revenue operations with AI, especially within manufacturing and SaaS industries. Given the challenges of manual billing processes and the necessity for effective integration with payment systems, there is significant potential to enhance operational efficiency.

With your strong API documentation, LedgerUp seems well-positioned to address the pain points around overdue invoices and integration needs for enterprise payments. 

What challenges do you face in automating your billing and revenue collection processes? 

Best regards,",Exploring automation in billing? Let's connect!,What challenges do you face in automating your billing and revenue collection processes?,https://www.ledgerup.ai/,https://www.ledgerup.ai/customer-stories,https://www.ledgerup.ai/compare/zapier,"[{""url"": ""https://www.ledgerup.ai/"", ""source_type"": ""homepage"", ""why_important"": ""Explains core product and target customer."", ""used_in_reasoning"": true}, {""url"": ""https://www.ledgerup.ai/compare/zapier"", ""source_type"": ""docs"", ""why_important"": ""Shows public API/integration/developer surface."", ""used_in_reasoning"": false}, {""url"": ""https://www.ledgerup.ai/customer-stories"", ""source_type"": ""careers"", ""why_important"": ""Contains hiring/on-call/reliability signals."", ""used_in_reasoning"": false}, {""url"": ""https://www.ledgerup.ai/legal/privacy-policy"", ""source_type"": ""search_result"", ""why_important"": ""Discovered via web search fallback."", ""used_in_reasoning"": false}, {""url"": ""https://www.ledgerup.ai/pricing"", ""source_type"": ""fallback_page"", ""why_important"": ""Fetched from search result for additional context."", ""used_in_reasoning"": false}, {""url"": ""https://www.ledgerup.ai/product/automate-collections"", ""source_type"": ""fallback_page"", ""why_important"": ""Fetched from search result for additional context."", ""used_in_reasoning"": false}, {""url"": ""https://www.ledgerup.ai/product/automate-contract-to-cash"", ""source_type"": ""fallback_page"", ""why_important"": ""Fetched from search result for additional context."", ""used_in_reasoning"": false}, {""url"": ""https://www.ledgerup.ai/product/meet-ari"", ""source_type"": ""fallback_page"", ""why_important"": ""Fetched from search result for additional context."", ""used_in_reasoning"": false}, {""url"": ""https://www.ledgerup.ai/product/procurement-portal-automation"", ""source_type"": ""fallback_page"", ""why_important"": ""Fetched from search result for additional context."", ""used_in_reasoning"": false}, {""url"": ""https://www.ledgerup.ai/product/usage"", ""source_type"": ""fallback_page"", ""why_important"": ""Fetched from search result for additional context."", ""used_in_reasoning"": false}, {""url"": ""https://www.ledgerup.ai/solutions/manufacturing-ar"", ""source_type"": ""fallback_page"", ""why_important"": ""Fetched from search result for additional context."", ""used_in_reasoning"": false}, {""url"": ""https://www.ycombinator.com/companies/ledgerup"", ""source_type"": ""seed_metadata"", ""why_important"": ""Source list metadata (YC/CMU)."", ""used_in_reasoning"": true}]",https://www.ledgerup.ai/; https://www.ledgerup.ai/compare/zapier; https://www.ledgerup.ai/customer-stories; https://www.ledgerup.ai/legal/privacy-policy; https://www.ledgerup.ai/pricing; https://www.ledgerup.ai/product/automate-collections; https://www.ledgerup.ai/product/automate-contract-to-cash; https://www.ledgerup.ai/product/meet-ari; https://www.ledgerup.ai/product/procurement-portal-automation; https://www.ledgerup.ai/product/usage; https://www.ledgerup.ai/solutions/manufacturing-ar; https://www.ycombinator.com/companies/ledgerup
31,prohost-ai,ProhostAI,https://www.prohost.ai,100,medium,true,manual_review_required; no_seed_email,Product Manager or Technical Lead at Property Management Companies,Bill Ulammandakh,Founder,,https://www.linkedin.com/in/bulam/,seed_team,Exploring Property Management Efficiency with ProhostAI,"Hi Bill,

I'm reaching out to discuss how ProhostAI's property management software could help enhance your operations in the short-term rental market. Our solution addresses common challenges such as managing multiple properties efficiently, automating guest communication and task coordination, and seamlessly integrating with various property management tools.

Given the unique needs of property managers like yourself, I'm interested in understanding better how you currently handle communication and task management across multiple properties. 

Looking forward to your insights.
",Interested in how ProhostAI solves property management challenges—let's connect!,How do you currently handle communication and task management across multiple properties?,https://www.prohost.ai,https://app.dover.com/jobs/prohost,https://www.prohost.ai/developers,"[{""url"": ""https://app.dover.com/jobs/prohost"", ""source_type"": ""careers"", ""why_important"": ""Contains hiring/on-call/reliability signals."", ""used_in_reasoning"": true}, {""url"": ""https://feedback.prohost.ai"", ""source_type"": ""fallback_page"", ""why_important"": ""Fetched from search result for additional context."", ""used_in_reasoning"": false}, {""url"": ""https://www.prohost.ai"", ""source_type"": ""homepage"", ""why_important"": ""Explains core product and target customer."", ""used_in_reasoning"": true}, {""url"": ""https://www.prohost.ai/blog"", ""source_type"": ""blog"", ""why_important"": ""Product updates and engineering narrative."", ""used_in_reasoning"": false}, {""url"": ""https://www.prohost.ai/developers"", ""source_type"": ""docs"", ""why_important"": ""Shows public API/integration/developer surface."", ""used_in_reasoning"": true}, {""url"": ""https://www.prohost.ai/pricing"", ""source_type"": ""fallback_page"", ""why_important"": ""Fetched from search result for additional context."", ""used_in_reasoning"": false}, {""url"": ""https://www.prohost.ai/team-chat"", ""source_type"": ""fallback_page"", ""why_important"": ""Fetched from search result for additional context."", ""used_in_reasoning"": false}, {""url"": ""https://www.ycombinator.com/companies/prohostai"", ""source_type"": ""seed_metadata"", ""why_important"": ""Source list metadata (YC/CMU)."", ""used_in_reasoning"": false}]",https://app.dover.com/jobs/prohost; https://feedback.prohost.ai; https://www.prohost.ai; https://www.prohost.ai/blog; https://www.prohost.ai/developers; https://www.prohost.ai/pricing; https://www.prohost.ai/team-chat; https://www.ycombinator.com/companies/prohostai
32,educato-com,Educato,https://www.educato.com,100,high,true,manual_review_required; no_seed_email,Head of Technology,Codrut Lemeni,Founder,,https://linkedin.com/in/codrut-l-328331134,seed_team,Exploring Incident Response Strategies for Educato,"Hi Codrut, 

I’ve examined Educato and your focus on AI-driven learning is commendable. As your platform scales, managing incident response effectively becomes more complex. Emergent Delta specializes in assisting small engineering teams with faster incident root-cause analysis, which might align with your needs. I'd like to know how you currently handle uptime and reliability in your exam prep platform as you expand. 

Best regards,

[Your Name]",Let's connect! I see potential synergies between Educato's tools and our incident response support at Emergent Delta.,What challenges do you face in maintaining uptime and reliability in your exam prep platform?,https://www.educato.com,https://www.ycombinator.com/companies/educato-ai/jobs,https://www.educato.com/docs,"[{""url"": ""https://www.educato.com"", ""source_type"": ""homepage"", ""why_important"": ""Explains core product and target customer."", ""used_in_reasoning"": true}, {""url"": ""https://www.educato.com/about"", ""source_type"": ""fallback_page"", ""why_important"": ""Fetched from search result for additional context."", ""used_in_reasoning"": false}, {""url"": ""https://www.educato.com/about-us"", ""source_type"": ""fallback_page"", ""why_important"": ""Fetched from search result for additional context."", ""used_in_reasoning"": false}, {""url"": ""https://www.educato.com/blog"", ""source_type"": ""blog"", ""why_important"": ""Product updates and engineering narrative."", ""used_in_reasoning"": false}, {""url"": ""https://www.educato.com/company"", ""source_type"": ""fallback_page"", ""why_important"": ""Fetched from search result for additional context."", ""used_in_reasoning"": false}, {""url"": ""https://www.educato.com/docs"", ""source_type"": ""docs"", ""why_important"": ""Shows public API/integration/developer surface."", ""used_in_reasoning"": true}, {""url"": ""https://www.educato.com/pricing"", ""source_type"": ""fallback_page"", ""why_important"": ""Fetched from search result for additional context."", ""used_in_reasoning"": false}, {""url"": ""https://www.educato.com/status"", ""source_type"": ""status"", ""why_important"": ""Indicates production uptime monitoring."", ""used_in_reasoning"": false}, {""url"": ""https://www.educato.com/team"", ""source_type"": ""fallback_page"", ""why_important"": ""Fetched from search result for additional context."", ""used_in_reasoning"": false}, {""url"": ""https://www.educato.com/terms"", ""source_type"": ""fallback_page"", ""why_important"": ""Fetched from search result for additional context."", ""used_in_reasoning"": false}, {""url"": ""https://www.ycombinator.com/companies/educato"", ""source_type"": ""seed_metadata"", ""why_important"": ""Source list metadata (YC/CMU)."", ""used_in_reasoning"": false}, {""url"": ""https://www.ycombinator.com/companies/educato-ai/jobs"", ""source_type"": ""careers"", ""why_important"": ""Contains hiring/on-call/reliability signals."", ""used_in_reasoning"": true}, {""url"": ""https://www.ycombinator.com/companies/educato/jobs"", ""source_type"": ""fallback_page"", ""why_important"": ""Fetched from search result for additional context."", ""used_in_reasoning"": false}]",https://www.educato.com; https://www.educato.com/about; https://www.educato.com/about-us; https://www.educato.com/blog; https://www.educato.com/company; https://www.educato.com/docs; https://www.educato.com/pricing; https://www.educato.com/status; https://www.educato.com/team; https://www.educato.com/terms; https://www.ycombinator.com/companies/educato; https://www.ycombinator.com/companies/educato-ai/jobs; https://www.ycombinator.com/companies/educato/jobs
33,firstwork-com,FirstWork,https://firstwork.com,100,medium,false,manual_review_required; no_seed_contact; no_seed_email; no_linkedin_url,CTO or Product Manager,,,,,persona_only,Exploring Synergies in Workforce Automation,"Hello,

I came across FirstWork and your innovative approach to automating workforce operations, particularly in document verification and onboarding. Many companies in your space face challenges like inefficient hiring processes and compliance risks due to document errors. Our product, Emergent Delta, aids production-critical software teams by facilitating faster incident root-cause analysis, which can complement your solutions by ensuring seamless operational effectiveness.

I’d like to understand more about the challenges you face in your hiring and compliance processes. What improvements are you seeking in these areas? 

Best regards,","Hi! I admire FirstWork's focus on automating hiring and compliance, and I see potential synergies with our incident response solutions. Let's connect!",What improvements are you seeking in your hiring and compliance processes?,https://www.firstwork.com/,https://www.firstwork.com/case-studies/how-a-major-live-events-operator-automated-hiring-and-credentialing-end-to-end-with-ai-native-agents,https://www.firstwork.com/document-agent,"[{""url"": ""https://status.firstwork.com"", ""source_type"": ""status"", ""why_important"": ""Indicates production uptime monitoring."", ""used_in_reasoning"": false}, {""url"": ""https://www.firstwork.com/"", ""source_type"": ""homepage"", ""why_important"": ""Explains core product and target customer."", ""used_in_reasoning"": true}, {""url"": ""https://www.firstwork.com/about-us"", ""source_type"": ""fallback_page"", ""why_important"": ""Fetched from search result for additional context."", ""used_in_reasoning"": false}, {""url"": ""https://www.firstwork.com/ai-recollection-agent"", ""source_type"": ""fallback_page"", ""why_important"": ""Fetched from search result for additional context."", ""used_in_reasoning"": false}, {""url"": ""https://www.firstwork.com/blog"", ""source_type"": ""fallback_page"", ""why_important"": ""Fetched from search result for additional context."", ""used_in_reasoning"": false}, {""url"": ""https://www.firstwork.com/case-studies/how-a-major-live-events-operator-automated-hiring-and-credentialing-end-to-end-with-ai-native-agents"", ""source_type"": ""careers"", ""why_important"": ""Contains hiring/on-call/reliability signals."", ""used_in_reasoning"": true}, {""url"": ""https://www.firstwork.com/case-studies/how-a-retail-chain-accelerated-multi-store-hiring-with-firstwork"", ""source_type"": ""fallback_page"", ""why_important"": ""Fetched from search result for additional context."", ""used_in_reasoning"": false}, {""url"": ""https://www.firstwork.com/document-agent"", ""source_type"": ""docs"", ""why_important"": ""Shows public API/integration/developer surface."", ""used_in_reasoning"": true}, {""url"": ""https://www.firstwork.com/newsroom"", ""source_type"": ""blog"", ""why_important"": ""Product updates and engineering narrative."", ""used_in_reasoning"": false}, {""url"": ""https://www.firstwork.com/terms-of-service"", ""source_type"": ""fallback_page"", ""why_important"": ""Fetched from search result for additional context."", ""used_in_reasoning"": false}, {""url"": ""https://www.ycombinator.com/companies/firstwork"", ""source_type"": ""seed_metadata"", ""why_important"": ""Source list metadata (YC/CMU)."", ""used_in_reasoning"": false}]",https://status.firstwork.com; https://www.firstwork.com/; https://www.firstwork.com/about-us; https://www.firstwork.com/ai-recollection-agent; https://www.firstwork.com/blog; https://www.firstwork.com/case-studies/how-a-major-live-events-operator-automated-hiring-and-credentialing-end-to-end-with-ai-native-agents; https://www.firstwork.com/case-studies/how-a-retail-chain-accelerated-multi-store-hiring-with-firstwork; https://www.firstwork.com/document-agent; https://www.firstwork.com/newsroom; https://www.firstwork.com/terms-of-service; https://www.ycombinator.com/companies/firstwork
34,trymaven-com,Maven,https://trymaven.com,99,medium,true,manual_review_required; no_seed_email,,Brandon Boehme,Founder,,https://www.linkedin.com/in/brandon-boehme/,seed_team,Exploring Challenges in Payment Integration for Voice AI,"Hi Brandon,

I noticed that Maven provides a payment infrastructure specifically designed for voice AI agents, focusing on critical production needs in B2B environments. With the complexities around PCI compliance and the need for seamless payment integration into various platforms, these aspects can present significant challenges.

Additionally, I couldn't find any information about on-call support or incident response teams, which might affect the reliability of your service during critical transactions. Understanding more about these pain points can help us identify how solutions may align.

What challenges do you face in integrating payments within your voice AI solutions? 

Looking forward to your insights.","Hi Brandon, I'm intrigued by Maven's work in payment infrastructure for voice AI. Let's connect to share insights!",What challenges do you face in integrating payments within your voice AI solutions?,https://trymaven.com,https://jobs.ashbyhq.com/maven,https://docs.trymaven.com/,"[{""url"": ""https://docs.trymaven.com/"", ""source_type"": ""docs"", ""why_important"": ""Shows public API/integration/developer surface."", ""used_in_reasoning"": true}, {""url"": ""https://docs.trymaven.com/introduction"", ""source_type"": ""fallback_page"", ""why_important"": ""Fetched from search result for additional context."", ""used_in_reasoning"": false}, {""url"": ""https://jobs.ashbyhq.com/goodmaven/967c9fa7-9caf-45f5-b259-00b551b29d6b"", ""source_type"": ""search_result"", ""why_important"": ""Discovered via web search fallback."", ""used_in_reasoning"": false}, {""url"": ""https://jobs.ashbyhq.com/maven"", ""source_type"": ""careers"", ""why_important"": ""Contains hiring/on-call/reliability signals."", ""used_in_reasoning"": false}, {""url"": ""https://jobs.ashbyhq.com/maven-agi/104c8312-2a9d-44c7-bb3c-0cdf8634f861"", ""source_type"": ""search_result"", ""why_important"": ""Discovered via web search fallback."", ""used_in_reasoning"": false}, {""url"": ""https://jobs.ashbyhq.com/maven-agi/9ad87881-5412-4ed8-8dfd-1383dc2f4522"", ""source_type"": ""search_result"", ""why_important"": ""Discovered via web search fallback."", ""used_in_reasoning"": false}, {""url"": ""https://jobs.ashbyhq.com/maven/1766ff90-20c1-4c28-b2d5-106b4f8a6701"", ""source_type"": ""search_result"", ""why_important"": ""Discovered via web search fallback."", ""used_in_reasoning"": false}, {""url"": ""https://trymaven.com"", ""source_type"": ""homepage"", ""why_important"": ""Explains core product and target customer."", ""used_in_reasoning"": true}, {""url"": ""https://www.ycombinator.com/companies/maven"", ""source_type"": ""seed_metadata"", ""why_important"": ""Source list metadata (YC/CMU)."", ""used_in_reasoning"": false}]",https://docs.trymaven.com/; https://docs.trymaven.com/introduction; https://jobs.ashbyhq.com/goodmaven/967c9fa7-9caf-45f5-b259-00b551b29d6b; https://jobs.ashbyhq.com/maven; https://jobs.ashbyhq.com/maven-agi/104c8312-2a9d-44c7-bb3c-0cdf8634f861; https://jobs.ashbyhq.com/maven-agi/9ad87881-5412-4ed8-8dfd-1383dc2f4522; https://jobs.ashbyhq.com/maven/1766ff90-20c1-4c28-b2d5-106b4f8a6701; https://trymaven.com; https://www.ycombinator.com/companies/maven
35,helonic-com,Helonic,https://helonic.com,99,medium,true,manual_review_required; no_seed_email,Product Manager in Construction Tech,Milind Sagaram,Founder,,https://www.linkedin.com/in/milind-sagaram,seed_team,Inquiry on Drawing Analysis and Coordination Practices,"Hi Milind,

I came across Helonic, particularly your advancements in AI-powered construction drawing analysis. Your focus on improving on-call reliability and extensive API documentation stands out, especially given the high costs construction teams face from errors in drawings and coordination failures. It appears that your technology addresses significant pain points in the industry, potentially reducing costly rework and enhancing project execution.

I’d be interested to learn how you are currently handling drawing analysis and coordination issues in your projects. This could help in understanding how our AI-assisted incident root cause analysis tool, designed for small production engineering teams, might complement your offerings.

Looking forward to your insights.","Hi Milind, I'm interested in Helonic's AI-driven approach to construction drawing analysis and would love to connect!",How are you currently handling drawing analysis and coordination issues in your projects?,https://helonic.com,https://helonic.com/blog/demolition-phase-drawing-review,https://helonic.com/blog/permit-set-vs-ifc-set-differences,"[{""url"": ""https://helonic.com"", ""source_type"": ""homepage"", ""why_important"": ""Explains core product and target customer."", ""used_in_reasoning"": true}, {""url"": ""https://helonic.com/blog"", ""source_type"": ""fallback_page"", ""why_important"": ""Fetched from search result for additional context."", ""used_in_reasoning"": false}, {""url"": ""https://helonic.com/blog/ai-plan-review-guide"", ""source_type"": ""fallback_page"", ""why_important"": ""Fetched from search result for additional context."", ""used_in_reasoning"": false}, {""url"": ""https://helonic.com/blog/construction-rework-costs"", ""source_type"": ""blog"", ""why_important"": ""Product updates and engineering narrative."", ""used_in_reasoning"": false}, {""url"": ""https://helonic.com/blog/demolition-phase-drawing-review"", ""source_type"": ""careers"", ""why_important"": ""Contains hiring/on-call/reliability signals."", ""used_in_reasoning"": true}, {""url"": ""https://helonic.com/blog/hospitality-hotel-construction-coordination"", ""source_type"": ""fallback_page"", ""why_important"": ""Fetched from search result for additional context."", ""used_in_reasoning"": false}, {""url"": ""https://helonic.com/blog/mep-coordination-best-practices"", ""source_type"": ""fallback_page"", ""why_important"": ""Fetched from search result for additional context."", ""used_in_reasoning"": false}, {""url"": ""https://helonic.com/blog/permit-set-vs-ifc-set-differences"", ""source_type"": ""docs"", ""why_important"": ""Shows public API/integration/developer surface."", ""used_in_reasoning"": true}, {""url"": ""https://helonic.com/status"", ""source_type"": ""status"", ""why_important"": ""Indicates production uptime monitoring."", ""used_in_reasoning"": false}, {""url"": ""https://www.ycombinator.com/companies/helonic"", ""source_type"": ""seed_metadata"", ""why_important"": ""Source list metadata (YC/CMU)."", ""used_in_reasoning"": false}, {""url"": ""https://www.ycombinator.com/companies/helonic/jobs"", ""source_type"": ""fallback_page"", ""why_important"": ""Fetched from search result for additional context."", ""used_in_reasoning"": false}]",https://helonic.com; https://helonic.com/blog; https://helonic.com/blog/ai-plan-review-guide; https://helonic.com/blog/construction-rework-costs; https://helonic.com/blog/demolition-phase-drawing-review; https://helonic.com/blog/hospitality-hotel-construction-coordination; https://helonic.com/blog/mep-coordination-best-practices; https://helonic.com/blog/permit-set-vs-ifc-set-differences; https://helonic.com/status; https://www.ycombinator.com/companies/helonic; https://www.ycombinator.com/companies/helonic/jobs
36,substrate-cc,Substrate,https://www.substrate.cc,99,medium,true,manual_review_required; no_seed_email,Head of Engineering or Development Manager,Inderpal Singh,Founder,,https://linkedin.com/in/inderpals,seed_team,Collaboration Opportunity to Enhance Revenue Cycle Automation,"Hi Inderpal,

I've been examining Substrate's efforts in automating healthcare revenue cycle management, particularly your focus on claims and appeals automation. Given the technical depth of your API documentation, there appears to be significant potential for enhancing the reliability of existing AI processes. Our solution, Emergent Delta, aligns with your goals by providing a faster, AI-assisted incident root-cause analysis tailored for smaller production engineering teams like yours.

I’d like to understand more about your current automation capabilities and what specific challenges you're facing in automating your revenue cycle processes. 

Looking forward to your insights.

Best regards,

[Your Name]","Hi Inderpal, I admire Substrate's work on healthcare revenue cycle automation. I'd like to connect and discuss potential synergies.",What challenges are you currently facing in automating your revenue cycle processes?,https://www.substrateai.com/,https://www.ycombinator.com/companies/substrate/jobs/,https://www.substrateai.com/document-review,"[{""url"": ""https://www.substrateai.com/"", ""source_type"": ""homepage"", ""why_important"": ""Explains core product and target customer."", ""used_in_reasoning"": true}, {""url"": ""https://www.substrateai.com/blog"", ""source_type"": ""fallback_page"", ""why_important"": ""Fetched from search result for additional context."", ""used_in_reasoning"": false}, {""url"": ""https://www.substrateai.com/blog/introducing-the-substrate-appeals-agent-for-medical-records"", ""source_type"": ""fallback_page"", ""why_important"": ""Fetched from search result for additional context."", ""used_in_reasoning"": false}, {""url"": ""https://www.substrateai.com/changelog"", ""source_type"": ""changelog"", ""why_important"": ""Release discipline and operational change signals."", ""used_in_reasoning"": false}, {""url"": ""https://www.substrateai.com/claim-status"", ""source_type"": ""status"", ""why_important"": ""Indicates production uptime monitoring."", ""used_in_reasoning"": false}, {""url"": ""https://www.substrateai.com/document-review"", ""source_type"": ""docs"", ""why_important"": ""Shows public API/integration/developer surface."", ""used_in_reasoning"": true}, {""url"": ""https://www.substrateai.com/healthcare-networks"", ""source_type"": ""fallback_page"", ""why_important"": ""Fetched from search result for additional context."", ""used_in_reasoning"": false}, {""url"": ""https://www.substrateai.com/terms"", ""source_type"": ""fallback_page"", ""why_important"": ""Fetched from search result for additional context."", ""used_in_reasoning"": false}, {""url"": ""https://www.ycombinator.com/companies/substrate"", ""source_type"": ""seed_metadata"", ""why_important"": ""Source list metadata (YC/CMU)."", ""used_in_reasoning"": false}, {""url"": ""https://www.ycombinator.com/companies/substrate/jobs/"", ""source_type"": ""careers"", ""why_important"": ""Contains hiring/on-call/reliability signals."", ""used_in_reasoning"": true}]",https://www.substrateai.com/; https://www.substrateai.com/blog; https://www.substrateai.com/blog/introducing-the-substrate-appeals-agent-for-medical-records; https://www.substrateai.com/changelog; https://www.substrateai.com/claim-status; https://www.substrateai.com/document-review; https://www.substrateai.com/healthcare-networks; https://www.substrateai.com/terms; https://www.ycombinator.com/companies/substrate; https://www.ycombinator.com/companies/substrate/jobs/
37,ontora-com,Ontora,https://ontora.com,98,medium,true,manual_review_required; no_seed_email,Head of Operations or Product Manager,Maximilian Arnold,Founder,,https://www.linkedin.com/in/arnold-max/,seed_team,Exploring Operational Insights at Ontora,"Hi Maximilian,

I’m reaching out as I noticed Ontora focuses on leveraging AI agents for capturing organizational knowledge, which can be crucial for teams examining their workflows. Given the challenges of understanding operational efficiency and the need for automated insights from employee interactions, I believe there could be mutual insights.

Our tool, Emergent Delta, accelerates incident root-cause analysis, specifically for smaller engineering teams. It helps surface hypotheses from logs and deploys with minimal overhead, aligning with production-critical environments. However, I acknowledge that the fit may hinge on specific capabilities in your tech stack.

Could you share how your team currently handles operational knowledge and incident response?","Hi Maximilian, I admire Ontora's work in AI-driven operational insights. Let's connect!",How does your team currently handle operational knowledge and incident response?,https://ontora.com,https://ontora.com/sign-in?redirect_url=https%3A%2F%2Fontora.com%2Fcareers,https://docs.ontora.com,"[{""url"": ""https://docs.ontora.com"", ""source_type"": ""docs"", ""why_important"": ""Shows public API/integration/developer surface."", ""used_in_reasoning"": false}, {""url"": ""https://ontora.com"", ""source_type"": ""homepage"", ""why_important"": ""Explains core product and target customer."", ""used_in_reasoning"": false}, {""url"": ""https://ontora.com/sign-in?redirect_url=https%3A%2F%2Fontora.com%2Fblog"", ""source_type"": ""blog"", ""why_important"": ""Product updates and engineering narrative."", ""used_in_reasoning"": false}, {""url"": ""https://ontora.com/sign-in?redirect_url=https%3A%2F%2Fontora.com%2Fcareers"", ""source_type"": ""careers"", ""why_important"": ""Contains hiring/on-call/reliability signals."", ""used_in_reasoning"": false}, {""url"": ""https://ontora.com/sign-in?redirect_url=https%3A%2F%2Fontora.com%2Fstatus"", ""source_type"": ""status"", ""why_important"": ""Indicates production uptime monitoring."", ""used_in_reasoning"": false}, {""url"": ""https://ontora.com/terms-of-service"", ""source_type"": ""fallback_page"", ""why_important"": ""Fetched from search result for additional context."", ""used_in_reasoning"": false}, {""url"": ""https://www.ycombinator.com/companies/ontora"", ""source_type"": ""seed_metadata"", ""why_important"": ""Source list metadata (YC/CMU)."", ""used_in_reasoning"": false}]",https://docs.ontora.com; https://ontora.com; https://ontora.com/sign-in?redirect_url=https%3A%2F%2Fontora.com%2Fblog; https://ontora.com/sign-in?redirect_url=https%3A%2F%2Fontora.com%2Fcareers; https://ontora.com/sign-in?redirect_url=https%3A%2F%2Fontora.com%2Fstatus; https://ontora.com/terms-of-service; https://www.ycombinator.com/companies/ontora
38,promptingcompany-com,The Prompting Company,https://www.promptingcompany.com,98,high,false,manual_review_required; no_seed_contact; no_seed_email; no_linkedin_url,Head of engineering or CTO at B2B firms focusing on AI-enhanced product visibility,,,,,persona_only,Inquiry on Tracking AI Product Visibility,"Hello,

I noticed that The Prompting Company specializes in enhancing product visibility through AI-driven platforms like ChatGPT. This aligns well with the emerging need for B2B teams, especially smaller engineering groups, to efficiently manage product mentions and responses without extensive resources.

Given your offerings, I understand there can be challenges related to tracking mentions across multiple AI models and efficiently handling incidents without a full SRE setup. 

At Emergent Delta, we provide tailored solutions aimed at assisting teams similar to yours with faster incident root-cause analysis and optimizing product visibility. 

Could you share how you currently track and manage your product's mentions within AI-driven interactions? 

Looking forward to your insights.
",Hi! Interested in how The Prompting Company enhances AI-driven product visibility.,How do you currently track and manage your product's mentions within AI-driven interactions?,https://promptingcompany.com/,https://www.workatastartup.com/companies/the-prompting-company,https://docs.promptingcompany.com/tutorial/quickstart-guide,"[{""url"": ""https://docs.promptingcompany.com/tutorial/quickstart-guide"", ""source_type"": ""docs"", ""why_important"": ""Shows public API/integration/developer surface."", ""used_in_reasoning"": true}, {""url"": ""https://promptingcompany.com/"", ""source_type"": ""homepage"", ""why_important"": ""Explains core product and target customer."", ""used_in_reasoning"": true}, {""url"": ""https://promptingcompany.com/blog"", ""source_type"": ""blog"", ""why_important"": ""Product updates and engineering narrative."", ""used_in_reasoning"": false}, {""url"": ""https://promptingcompany.com/pricing"", ""source_type"": ""fallback_page"", ""why_important"": ""Fetched from search result for additional context."", ""used_in_reasoning"": true}, {""url"": ""https://status.promptingcompany.com"", ""source_type"": ""status"", ""why_important"": ""Indicates production uptime monitoring."", ""used_in_reasoning"": false}, {""url"": ""https://techcrunch.com/2025/10/30/the-prompting-company-snags-6-5m-to-help-products-get-mentioned-in-chatgpt-and-other-ai-apps/"", ""source_type"": ""fallback_page"", ""why_important"": ""Fetched from search result for additional context."", ""used_in_reasoning"": true}, {""url"": ""https://www.workatastartup.com/companies/the-prompting-company"", ""source_type"": ""careers"", ""why_important"": ""Contains hiring/on-call/reliability signals."", ""used_in_reasoning"": true}, {""url"": ""https://www.ycombinator.com/companies/the-prompting-company"", ""source_type"": ""seed_metadata"", ""why_important"": ""Source list metadata (YC/CMU)."", ""used_in_reasoning"": false}]",https://docs.promptingcompany.com/tutorial/quickstart-guide; https://promptingcompany.com/; https://promptingcompany.com/blog; https://promptingcompany.com/pricing; https://status.promptingcompany.com; https://techcrunch.com/2025/10/30/the-prompting-company-snags-6-5m-to-help-products-get-mentioned-in-chatgpt-and-other-ai-apps/; https://www.workatastartup.com/companies/the-prompting-company; https://www.ycombinator.com/companies/the-prompting-company
39,unsloth-ai,Unsloth AI,https://unsloth.ai,97,medium,true,manual_review_required; no_seed_email,VP of Engineering,Daniel Han,Founder,,https://linkedin.com/in/danielhanchen,seed_team,How is your team handling root-cause analysis?,"Hi Daniel,

I came across Unsloth AI and noticed your focus on providing a local model training platform accessible via API. Your solution seems particularly relevant for companies aiming to optimize model training without the overhead of complex infrastructure.

Given the critical importance of faster incident root-cause analysis in development operations, I am curious about how your team currently handles incident response and the challenges you face with your existing setup, especially regarding reliability resources and operational capacity.

Looking forward to your insights.

Best regards,

[Your Name]","Hi Daniel, I'd love to connect and discuss how Unsloth AI is advancing local model training!",How is your team currently handling incident response and root-cause analysis?,https://unsloth.ai,,https://unsloth.ai/docs/models/tutorials,"[{""url"": ""http://job-boards.greenhouse.io/authenticx/jobs/4210044009"", ""source_type"": ""search_result"", ""why_important"": ""Discovered via web search fallback."", ""used_in_reasoning"": false}, {""url"": ""http://job-boards.greenhouse.io/mirakllabs/jobs/5361929004"", ""source_type"": ""search_result"", ""why_important"": ""Discovered via web search fallback."", ""used_in_reasoning"": false}, {""url"": ""https://apply.workable.com/aion/j/C3EC0F174E/"", ""source_type"": ""search_result"", ""why_important"": ""Discovered via web search fallback."", ""used_in_reasoning"": false}, {""url"": ""https://apply.workable.com/grnet-sa/j/A9625A85DC"", ""source_type"": ""search_result"", ""why_important"": ""Discovered via web search fallback."", ""used_in_reasoning"": false}, {""url"": ""https://job-boards.greenhouse.io/icapitalnetwork/jobs/8440665002?gh_src=Blind"", ""source_type"": ""search_result"", ""why_important"": ""Discovered via web search fallback."", ""used_in_reasoning"": false}, {""url"": ""https://job-boards.greenhouse.io/mirakllabs/jobs/5361929004?gh_src=0043172a4us"", ""source_type"": ""search_result"", ""why_important"": ""Discovered via web search fallback."", ""used_in_reasoning"": false}, {""url"": ""https://jobs.ashbyhq.com/inferact/9470565b-c62d-4de9-8b87-26d525ecec49"", ""source_type"": ""search_result"", ""why_important"": ""Discovered via web search fallback."", ""used_in_reasoning"": false}, {""url"": ""https://jobs.ashbyhq.com/sensmore/f10f3646-7a5b-43b5-a68e-d50e43c02af3"", ""source_type"": ""search_result"", ""why_important"": ""Discovered via web search fallback."", ""used_in_reasoning"": false}, {""url"": ""https://unsloth.ai"", ""source_type"": ""homepage"", ""why_important"": ""Explains core product and target customer."", ""used_in_reasoning"": true}, {""url"": ""https://unsloth.ai/about"", ""source_type"": ""fallback_page"", ""why_important"": ""Fetched from search result for additional context."", ""used_in_reasoning"": false}, {""url"": ""https://unsloth.ai/blog/reintroducing"", ""source_type"": ""fallback_page"", ""why_important"": ""Fetched from search result for additional context."", ""used_in_reasoning"": false}, {""url"": ""https://unsloth.ai/docs"", ""source_type"": ""fallback_page"", ""why_important"": ""Fetched from search result for additional context."", ""used_in_reasoning"": false}, {""url"": ""https://unsloth.ai/docs/basics/api"", ""source_type"": ""fallback_page"", ""why_important"": ""Fetched from search result for additional context."", ""used_in_reasoning"": false}, {""url"": ""https://unsloth.ai/docs/basics/claude-code"", ""source_type"": ""fallback_page"", ""why_important"": ""Fetched from search result for additional context."", ""used_in_reasoning"": false}, {""url"": ""https://unsloth.ai/docs/de/grundlagen/claude-code"", ""source_type"": ""fallback_page"", ""why_important"": ""Fetched from search result for additional context."", ""used_in_reasoning"": false}, {""url"": ""https://unsloth.ai/docs/de/grundlagen/inference-and-deployment/deploying-llms-with-hugging-face-jobs"", ""source_type"": ""search_result"", ""why_important"": ""Discovered via web search fallback."", ""used_in_reasoning"": false}, {""url"": ""https://unsloth.ai/docs/fr/bases/inference-and-deployment/deploying-llms-with-hugging-face-jobs"", ""source_type"": ""search_result"", ""why_important"": ""Discovered via web search fallback."", ""used_in_reasoning"": false}, {""url"": ""https://unsloth.ai/docs/jp/ji-ben/inference-and-deployment/deploying-llms-with-hugging-face-jobs"", ""source_type"": ""search_result"", ""why_important"": ""Discovered via web search fallback."", ""used_in_reasoning"": false}, {""url"": ""https://unsloth.ai/docs/models/gemma-4"", ""source_type"": ""fallback_page"", ""why_important"": ""Fetched from search result for additional context."", ""used_in_reasoning"": false}, {""url"": ""https://unsloth.ai/docs/models/qwen3.6"", ""source_type"": ""fallback_page"", ""why_important"": ""Fetched from search result for additional context."", ""used_in_reasoning"": false}, {""url"": ""https://unsloth.ai/docs/models/tutorials"", ""source_type"": ""docs"", ""why_important"": ""Shows public API/integration/developer surface."", ""used_in_reasoning"": true}, {""url"": ""https://unsloth.ai/docs/new/studio"", ""source_type"": ""fallback_page"", ""why_important"": ""Fetched from search result for additional context."", ""used_in_reasoning"": false}, {""url"": ""https://unsloth.ai/docs/new/studio/chat"", ""source_type"": ""fallback_page"", ""why_important"": ""Fetched from search result for additional context."", ""used_in_reasoning"": false}, {""url"": ""https://unsloth.ai/docs/zh/ji-chu/inference-and-deployment/deploying-llms-with-hugging-face-jobs"", ""source_type"": ""search_result"", ""why_important"": ""Discovered via web search fallback."", ""used_in_reasoning"": false}, {""url"": ""https://unsloth.ai/pricing"", ""source_type"": ""search_result"", ""why_important"": ""Discovered via web search fallback."", ""used_in_reasoning"": false}, {""url"": ""https://www.unsloth.ai/roadmap-yc"", ""source_type"": ""search_result"", ""why_important"": ""Discovered via web search fallback."", ""used_in_reasoning"": false}, {""url"": ""https://www.ycombinator.com/companies/unsloth-ai"", ""source_type"": ""seed_metadata"", ""why_important"": ""Source list metadata (YC/CMU)."", ""used_in_reasoning"": true}]",http://job-boards.greenhouse.io/authenticx/jobs/4210044009; http://job-boards.greenhouse.io/mirakllabs/jobs/5361929004; https://apply.workable.com/aion/j/C3EC0F174E/; https://apply.workable.com/grnet-sa/j/A9625A85DC; https://job-boards.greenhouse.io/icapitalnetwork/jobs/8440665002?gh_src=Blind; https://job-boards.greenhouse.io/mirakllabs/jobs/5361929004?gh_src=0043172a4us; https://jobs.ashbyhq.com/inferact/9470565b-c62d-4de9-8b87-26d525ecec49; https://jobs.ashbyhq.com/sensmore/f10f3646-7a5b-43b5-a68e-d50e43c02af3; https://unsloth.ai; https://unsloth.ai/about; https://unsloth.ai/blog/reintroducing; https://unsloth.ai/docs; https://unsloth.ai/docs/basics/api; https://unsloth.ai/docs/basics/claude-code; https://unsloth.ai/docs/de/grundlagen/claude-code; https://unsloth.ai/docs/de/grundlagen/inference-and-deployment/deploying-llms-with-hugging-face-jobs; https://unsloth.ai/docs/fr/bases/inference-and-deployment/deploying-llms-with-hugging-face-jobs; https://unsloth.ai/docs/jp/ji-ben/inference-and-deployment/deploying-llms-with-hugging-face-jobs; https://unsloth.ai/docs/models/gemma-4; https://unsloth.ai/docs/models/qwen3.6; https://unsloth.ai/docs/models/tutorials; https://unsloth.ai/docs/new/studio; https://unsloth.ai/docs/new/studio/chat; https://unsloth.ai/docs/zh/ji-chu/inference-and-deployment/deploying-llms-with-hugging-face-jobs; https://unsloth.ai/pricing; https://www.unsloth.ai/roadmap-yc; https://www.ycombinator.com/companies/unsloth-ai
40,minicor-com,Minicor,https://minicor.com,96,medium,true,manual_review_required; no_seed_email,CTO or Head of Engineering in healthcare AI companies,Saheed Akinbile,Co-founder & CTO,,https://linkedin.com/in/saheed-akinbile,seed_team,Exploring Automation Challenges in Healthcare?,"Hi Saheed,

I noticed that Minicor is focused on improving robotic process automation (RPA) in the healthcare sector. Given your commitment to scaling desktop automation solutions and the challenges associated with legacy systems, I believe there may be common ground for an insightful discussion.

With the frequent updates that complicate traditional RPA scripts, faster deployment must be a critical concern. Our platform specializes in providing AI-assisted root cause analysis for engineering teams, helping them navigate similar complexities. This could potentially complement the enhancements you aim to deliver.

I would value the chance to understand how you are currently managing your desktop automation, particularly regarding maintenance and updates. 

Best regards,

[Your Name]","Hi Saheed, I'd love to connect to discuss automation challenges in healthcare and your work at Minicor.","How are you currently managing your desktop automation, and what challenges are you facing with maintenance and updates?",https://www.minicor.com/,https://www.minicor.com/careers,https://docs.laminar.run/,"[{""url"": ""https://docs.laminar.run/"", ""source_type"": ""docs"", ""why_important"": ""Shows public API/integration/developer surface."", ""used_in_reasoning"": true}, {""url"": ""https://github.com/laminar-run"", ""source_type"": ""github"", ""why_important"": ""Technical footprint and engineering culture."", ""used_in_reasoning"": false}, {""url"": ""https://legal.laminar.run/terms-of-service"", ""source_type"": ""fallback_page"", ""why_important"": ""Fetched from search result for additional context."", ""used_in_reasoning"": false}, {""url"": ""https://www.minicor.com/"", ""source_type"": ""homepage"", ""why_important"": ""Explains core product and target customer."", ""used_in_reasoning"": true}, {""url"": ""https://www.minicor.com/blog"", ""source_type"": ""blog"", ""why_important"": ""Product updates and engineering narrative."", ""used_in_reasoning"": false}, {""url"": ""https://www.minicor.com/careers"", ""source_type"": ""careers"", ""why_important"": ""Contains hiring/on-call/reliability signals."", ""used_in_reasoning"": false}, {""url"": ""https://www.minicor.com/contact"", ""source_type"": ""fallback_page"", ""why_important"": ""Fetched from search result for additional context."", ""used_in_reasoning"": false}, {""url"": ""https://www.minicor.com/installs/desktop-service"", ""source_type"": ""fallback_page"", ""why_important"": ""Fetched from search result for additional context."", ""used_in_reasoning"": false}, {""url"": ""https://www.ycombinator.com/companies/minicor"", ""source_type"": ""seed_metadata"", ""why_important"": ""Source list metadata (YC/CMU)."", ""used_in_reasoning"": true}]",https://docs.laminar.run/; https://github.com/laminar-run; https://legal.laminar.run/terms-of-service; https://www.minicor.com/; https://www.minicor.com/blog; https://www.minicor.com/careers; https://www.minicor.com/contact; https://www.minicor.com/installs/desktop-service; https://www.ycombinator.com/companies/minicor
41,pangolin-net,Pangolin,https://pangolin.net,96,high,true,manual_review_required; no_seed_email,,Milo Schwartz,Founder,,https://www.linkedin.com/in/miloaschwartz/,seed_team,Enhancing Remote Access Security with Zero Trust Architecture,"Hi Milo,\n\nI noticed that Pangolin focuses on zero-trust remote access, which is vital for enterprises facing increasing cybersecurity threats. Your identity-aware VPN solution aligns well with industry standards and addresses challenges like secure remote access and identity management amidst scalability concerns. The robust API documentation further enhances integration capabilities with existing systems. \n\nGiven your focus on overcoming the challenges of remote access infrastructure, I am curious about how you currently handle remote access for your engineering and operational teams.\n\nBest regards,\n[Your Name]","Hi Milo, I admire Pangolin's zero-trust approach to remote access, especially its implications for security and operational efficiency. Let's connect!",How do you currently handle remote access for your engineering and operational teams?,https://pangolin.net,https://pangolin.net/careers,https://docs.pangolin.net/,"[{""url"": ""https://docs.pangolin.net/"", ""source_type"": ""docs"", ""why_important"": ""Shows public API/integration/developer surface."", ""used_in_reasoning"": true}, {""url"": ""https://docs.pangolin.net/careers/join-us"", ""source_type"": ""fallback_page"", ""why_important"": ""Fetched from search result for additional context."", ""used_in_reasoning"": false}, {""url"": ""https://github.com/fosrl/pangolin"", ""source_type"": ""github"", ""why_important"": ""Technical footprint and engineering culture."", ""used_in_reasoning"": false}, {""url"": ""https://pangolin.net"", ""source_type"": ""homepage"", ""why_important"": ""Explains core product and target customer."", ""used_in_reasoning"": true}, {""url"": ""https://pangolin.net/careers"", ""source_type"": ""careers"", ""why_important"": ""Contains hiring/on-call/reliability signals."", ""used_in_reasoning"": true}, {""url"": ""https://pangolin.net/news"", ""source_type"": ""fallback_page"", ""why_important"": ""Fetched from search result for additional context."", ""used_in_reasoning"": false}, {""url"": ""https://pangolin.net/news/1-18-release"", ""source_type"": ""fallback_page"", ""why_important"": ""Fetched from search result for additional context."", ""used_in_reasoning"": false}, {""url"": ""https://pangolin.net/news/how-pangolin-works"", ""source_type"": ""blog"", ""why_important"": ""Product updates and engineering narrative."", ""used_in_reasoning"": false}, {""url"": ""https://pangolin.net/news/pangolin-edge-devices-drop-in-remote-access"", ""source_type"": ""fallback_page"", ""why_important"": ""Fetched from search result for additional context."", ""used_in_reasoning"": false}, {""url"": ""https://status.pangolin.net"", ""source_type"": ""status"", ""why_important"": ""Indicates production uptime monitoring."", ""used_in_reasoning"": false}, {""url"": ""https://www.ycombinator.com/companies/pangolin"", ""source_type"": ""seed_metadata"", ""why_important"": ""Source list metadata (YC/CMU)."", ""used_in_reasoning"": false}]",https://docs.pangolin.net/; https://docs.pangolin.net/careers/join-us; https://github.com/fosrl/pangolin; https://pangolin.net; https://pangolin.net/careers; https://pangolin.net/news; https://pangolin.net/news/1-18-release; https://pangolin.net/news/how-pangolin-works; https://pangolin.net/news/pangolin-edge-devices-drop-in-remote-access; https://status.pangolin.net; https://www.ycombinator.com/companies/pangolin
42,stagewise-io,stagewise,https://stagewise.io,96,high,false,manual_review_required; no_seed_contact; no_seed_email; no_linkedin_url,CTO or Engineering Lead,,,,,persona_only,Enhancing Incident RCA with Emergent Delta,"Hello,

At Stagewise, we understand the complexities of incident root-cause analysis within your open-source environment. As your team navigates orchestration and code execution, the need for efficient incident analysis becomes crucial, especially without a dedicated Site Reliability Engineering team.

Emergent Delta offers a streamlined approach to root-cause analysis, surfacing hypotheses from logs and runbooks effectively. This could prove beneficial for your engineering workflows.

How does your team currently handle incident root-cause analysis when using your orchestration features? 

Best regards,

[Your Name]",Stagewise empowers engineers with coding agents; let’s connect to enhance your incident RCA workflows.,How does your team currently handle incident root-cause analysis when using your orchestration features?,https://stagewise.io,https://stagewise.io/mission,https://docs.stagewise.io,"[{""url"": ""https://docs.stagewise.io"", ""source_type"": ""docs"", ""why_important"": ""Shows public API/integration/developer surface."", ""used_in_reasoning"": true}, {""url"": ""https://github.com/stagewise-io/stagewise"", ""source_type"": ""github"", ""why_important"": ""Technical footprint and engineering culture."", ""used_in_reasoning"": true}, {""url"": ""https://stagewise.io"", ""source_type"": ""homepage"", ""why_important"": ""Explains core product and target customer."", ""used_in_reasoning"": true}, {""url"": ""https://stagewise.io/mission"", ""source_type"": ""careers"", ""why_important"": ""Contains hiring/on-call/reliability signals."", ""used_in_reasoning"": false}, {""url"": ""https://stagewise.io/news"", ""source_type"": ""blog"", ""why_important"": ""Product updates and engineering narrative."", ""used_in_reasoning"": false}, {""url"": ""https://stagewise.io/news/becoming-the-open-source-agentic-ide"", ""source_type"": ""fallback_page"", ""why_important"": ""Fetched from search result for additional context."", ""used_in_reasoning"": true}, {""url"": ""https://stagewise.io/news/release-week-april-27-3"", ""source_type"": ""fallback_page"", ""why_important"": ""Fetched from search result for additional context."", ""used_in_reasoning"": true}, {""url"": ""https://stagewise.io/news/release-week-may-11-17"", ""source_type"": ""fallback_page"", ""why_important"": ""Fetched from search result for additional context."", ""used_in_reasoning"": false}, {""url"": ""https://stagewise.io/news/release-week-may-4-10"", ""source_type"": ""fallback_page"", ""why_important"": ""Fetched from search result for additional context."", ""used_in_reasoning"": false}, {""url"": ""https://stagewise.io/news/smart-approvals-deep-dive"", ""source_type"": ""fallback_page"", ""why_important"": ""Fetched from search result for additional context."", ""used_in_reasoning"": false}, {""url"": ""https://www.ycombinator.com/companies/stagewise"", ""source_type"": ""seed_metadata"", ""why_important"": ""Source list metadata (YC/CMU)."", ""used_in_reasoning"": false}]",https://docs.stagewise.io; https://github.com/stagewise-io/stagewise; https://stagewise.io; https://stagewise.io/mission; https://stagewise.io/news; https://stagewise.io/news/becoming-the-open-source-agentic-ide; https://stagewise.io/news/release-week-april-27-3; https://stagewise.io/news/release-week-may-11-17; https://stagewise.io/news/release-week-may-4-10; https://stagewise.io/news/smart-approvals-deep-dive; https://www.ycombinator.com/companies/stagewise
43,fixture-app,Fixture,https://fixture.app,95,high,true,manual_review_required; no_seed_email,Technical Lead or Product Manager from a small to medium software startup with a firm reliance on CRM tools.,Matt Riley,Founder/CEO,,https://www.linkedin.com/in/matthewriley/,seed_team,Understanding Your CRM Needs,"Hi Matt,

I noticed that Fixture is designed with modern startups in mind, particularly with developer-oriented features such as robust APIs and automated data capture. These capabilities are beneficial for small engineering teams focused on optimizing workflows and maintaining updated CRM data without extensive manual effort.

As companies grow, the volume of customer interactions often increases, leading to challenges in managing these communications effectively. Your approach of embedding tools that automate this process seems promising.

I’d like to gain a deeper understanding of the specific challenges you face in managing customer interactions and ensuring data accuracy across your existing tools. 

Best,

[Your Name]","Hi Matt, I admire Fixture's approach to automating CRM for startups. Would love to connect and discuss customer engagement challenges.",What specific challenges do you encounter in managing customer interactions and ensuring data accuracy across your existing tools?,https://fixture.app,https://jobs.ashbyhq.com/Crusoe/a24af26b-2891-49fd-b442-e65151ae8572,https://fixture.app/docs,"[{""url"": ""https://fixture.app"", ""source_type"": ""homepage"", ""why_important"": ""Explains core product and target customer."", ""used_in_reasoning"": true}, {""url"": ""https://fixture.app/docs"", ""source_type"": ""docs"", ""why_important"": ""Shows public API/integration/developer surface."", ""used_in_reasoning"": true}, {""url"": ""https://jobs.ashbyhq.com/Crusoe/a24af26b-2891-49fd-b442-e65151ae8572"", ""source_type"": ""careers"", ""why_important"": ""Contains hiring/on-call/reliability signals."", ""used_in_reasoning"": false}, {""url"": ""https://jobs.ashbyhq.com/Crusoe/acd7fce2-8ae3-4478-9628-5bd61a997a9e"", ""source_type"": ""search_result"", ""why_important"": ""Discovered via web search fallback."", ""used_in_reasoning"": false}, {""url"": ""https://jobs.ashbyhq.com/halter/145af6e0-bc0f-4b0a-863e-0fef01a8a6ec"", ""source_type"": ""search_result"", ""why_important"": ""Discovered via web search fallback."", ""used_in_reasoning"": false}, {""url"": ""https://jobs.ashbyhq.com/heron-power/293d9155-e4df-453f-80a3-5166daef6e83"", ""source_type"": ""search_result"", ""why_important"": ""Discovered via web search fallback."", ""used_in_reasoning"": false}, {""url"": ""https://status.fixture.app"", ""source_type"": ""status"", ""why_important"": ""Indicates production uptime monitoring."", ""used_in_reasoning"": true}, {""url"": ""https://www.ycombinator.com/companies/fixture"", ""source_type"": ""seed_metadata"", ""why_important"": ""Source list metadata (YC/CMU)."", ""used_in_reasoning"": false}]",https://fixture.app; https://fixture.app/docs; https://jobs.ashbyhq.com/Crusoe/a24af26b-2891-49fd-b442-e65151ae8572; https://jobs.ashbyhq.com/Crusoe/acd7fce2-8ae3-4478-9628-5bd61a997a9e; https://jobs.ashbyhq.com/halter/145af6e0-bc0f-4b0a-863e-0fef01a8a6ec; https://jobs.ashbyhq.com/heron-power/293d9155-e4df-453f-80a3-5166daef6e83; https://status.fixture.app; https://www.ycombinator.com/companies/fixture
44,carrotlabs-ai,Carrot Labs,https://carrotlabs.ai,95,high,false,manual_review_required; no_seed_contact; no_seed_email; no_linkedin_url,"Product Manager, SRE Lead",,,,,persona_only,Exploring AI Agent Performance Optimization,"Hello,

I’m reaching out because I noticed that Carrot Labs is focused on enhancing AI agents through continuous learning and optimization. Your emphasis on managing data drift and improving reliability aligns closely with the needs of small engineering teams handling production-critical software.

Given the challenges you might face in maintaining agent performance over time and ensuring low latency while improving reliability, I believe there could be mutual value in discussing strategies and insights on how to tackle these issues effectively.

What challenges do you face in maintaining the performance of your AI agents in production?","Hi, I'm interested in discussing AI performance optimization and your approaches at Carrot Labs.",What challenges do you face in maintaining the performance of your AI agents in production?,https://carrotlabs.ai,https://carrotlabs.ai/careers,https://platform.carrotlabs.ai/docs,"[{""url"": ""https://carrotlabs.ai"", ""source_type"": ""homepage"", ""why_important"": ""Explains core product and target customer."", ""used_in_reasoning"": true}, {""url"": ""https://carrotlabs.ai/blog"", ""source_type"": ""blog"", ""why_important"": ""Product updates and engineering narrative."", ""used_in_reasoning"": false}, {""url"": ""https://carrotlabs.ai/careers"", ""source_type"": ""careers"", ""why_important"": ""Contains hiring/on-call/reliability signals."", ""used_in_reasoning"": true}, {""url"": ""https://carrotlabs.ai/status"", ""source_type"": ""status"", ""why_important"": ""Indicates production uptime monitoring."", ""used_in_reasoning"": false}, {""url"": ""https://platform.carrotlabs.ai/docs"", ""source_type"": ""docs"", ""why_important"": ""Shows public API/integration/developer surface."", ""used_in_reasoning"": true}, {""url"": ""https://www.ycombinator.com/companies/carrot-labs"", ""source_type"": ""seed_metadata"", ""why_important"": ""Source list metadata (YC/CMU)."", ""used_in_reasoning"": false}]",https://carrotlabs.ai; https://carrotlabs.ai/blog; https://carrotlabs.ai/careers; https://carrotlabs.ai/status; https://platform.carrotlabs.ai/docs; https://www.ycombinator.com/companies/carrot-labs
45,incidentfox-ai,IncidentFox,https://incidentfox.ai,95,high,false,no_seed_contact; no_seed_email; no_linkedin_url,Engineering Manager or Head of SRE,,,,,persona_only,Exploring Incident Management Solutions for Small Teams,"Hello,

I’m reaching out as I believe that IncidentFox could greatly benefit from the integration of Emergent Delta’s AI-assisted incident RCA solution. Our platform is designed specifically for small engineering teams, aiming to enhance incident management through automation and effective integration with current tools. This can help address your need for rapid incident resolution and ease the burden on teams lacking dedicated SRE resources.

I’d like to understand better: What are the biggest challenges your team faces in managing incidents and maintaining uptime? 

Best regards,",Let's connect to discuss AI-powered incident management strategies for small teams.,What are the biggest challenges your team faces in managing incidents and maintaining uptime?,https://www.incidentfox.ai/,,https://incidentfox.mintlify.app/,"[{""url"": ""http://www.incidentfox.ai/"", ""source_type"": ""search_result"", ""why_important"": ""Discovered via web search fallback."", ""used_in_reasoning"": false}, {""url"": ""https://github.com/incidentfox/incidentfox"", ""source_type"": ""github"", ""why_important"": ""Technical footprint and engineering culture."", ""used_in_reasoning"": false}, {""url"": ""https://incidentfox.mintlify.app/"", ""source_type"": ""docs"", ""why_important"": ""Shows public API/integration/developer surface."", ""used_in_reasoning"": true}, {""url"": ""https://www.incidentfox.ai/"", ""source_type"": ""homepage"", ""why_important"": ""Explains core product and target customer."", ""used_in_reasoning"": true}, {""url"": ""https://www.incidentfox.ai/blog/index.html"", ""source_type"": ""blog"", ""why_important"": ""Product updates and engineering narrative."", ""used_in_reasoning"": false}, {""url"": ""https://www.incidentfox.ai/blog/why-internal-ai-sre-tools-fail.html"", ""source_type"": ""fallback_page"", ""why_important"": ""Fetched from search result for additional context."", ""used_in_reasoning"": false}, {""url"": ""https://www.incidentfox.ai/blog/why-we-built-incidentfox.html"", ""source_type"": ""fallback_page"", ""why_important"": ""Fetched from search result for additional context."", ""used_in_reasoning"": false}, {""url"": ""https://www.incidentfox.ai/support.html"", ""source_type"": ""fallback_page"", ""why_important"": ""Fetched from search result for additional context."", ""used_in_reasoning"": false}, {""url"": ""https://www.ycombinator.com/companies/brownie"", ""source_type"": ""seed_metadata"", ""why_important"": ""Source list metadata (YC/CMU)."", ""used_in_reasoning"": false}]",http://www.incidentfox.ai/; https://github.com/incidentfox/incidentfox; https://incidentfox.mintlify.app/; https://www.incidentfox.ai/; https://www.incidentfox.ai/blog/index.html; https://www.incidentfox.ai/blog/why-internal-ai-sre-tools-fail.html; https://www.incidentfox.ai/blog/why-we-built-incidentfox.html; https://www.incidentfox.ai/support.html; https://www.ycombinator.com/companies/brownie
46,unisson-ai,Unisson,https://www.unisson.ai,95,high,true,manual_review_required; no_seed_email,CTO or Head of Engineering,Tom Achache,Founder/CTO,,https://www.linkedin.com/in/tom-achache/,seed_team,Exploring AI Solutions for Incident Response,"Hi Tom,

I noticed that Unisson prioritizes operational efficiency through AI agents that automate customer-facing tasks. This focus appears to align well with Emergent Delta's goal of improving incident root cause analysis for production-critical software environments.

Given the challenges in incident response and maintaining high service reliability, I believe there may be substantial value in discussing how our AI-assisted solutions could enhance your existing processes. Could you share how your team currently handles operational bottlenecks in customer-facing roles and the impact on incident management?",Unisson's automation in customer-facing roles aligns with Emergent Delta's mission. Let's connect to discuss further!,"How does your team currently handle operational bottlenecks in customer-facing role tasks, and what impact does it have on incident management?",https://www.unisson.ai,,,"[{""url"": ""https://trust.unisson.ai"", ""source_type"": ""fallback_page"", ""why_important"": ""Fetched from search result for additional context."", ""used_in_reasoning"": false}, {""url"": ""https://trust.unisson.ai/?tab=securityControls"", ""source_type"": ""search_result"", ""why_important"": ""Discovered via web search fallback."", ""used_in_reasoning"": false}, {""url"": ""https://www.unisson.ai"", ""source_type"": ""homepage"", ""why_important"": ""Explains core product and target customer."", ""used_in_reasoning"": true}, {""url"": ""https://www.unisson.ai/privacy-policy"", ""source_type"": ""fallback_page"", ""why_important"": ""Fetched from search result for additional context."", ""used_in_reasoning"": false}, {""url"": ""https://www.unisson.ai/terms-of-service"", ""source_type"": ""fallback_page"", ""why_important"": ""Fetched from search result for additional context."", ""used_in_reasoning"": false}, {""url"": ""https://www.ycombinator.com/companies/unisson"", ""source_type"": ""seed_metadata"", ""why_important"": ""Source list metadata (YC/CMU)."", ""used_in_reasoning"": false}]",https://trust.unisson.ai; https://trust.unisson.ai/?tab=securityControls; https://www.unisson.ai; https://www.unisson.ai/privacy-policy; https://www.unisson.ai/terms-of-service; https://www.ycombinator.com/companies/unisson
47,moda-dev,Moda,https://moda.dev,95,high,false,manual_review_required; no_seed_contact; no_seed_email; no_linkedin_url,CTO or Head of Product,,,,,persona_only,Exploring AI Observability Solutions for Enhanced Incident Management,"Hi,

I noticed that Moda focuses on providing AI observability solutions tailored for B2B environments, particularly addressing challenges like agent and tool failures. You're likely aware of how crucial it is to understand user intents that traditional monitoring may miss. Given your capabilities and robust API documentation, it seems you could substantially benefit from a solution that accelerates incident root-cause analysis in production-critical contexts.

How do you currently monitor and resolve unexpected user intents or agent failures in your AI systems?",I'd like to connect to discuss how AI observability can enhance your incident management strategy using Moda.,How do you currently monitor and resolve unexpected user intents or agent failures in your AI systems?,https://www.moda.dev/,https://jobs.ashbyhq.com/cernel/b8a254f3-9a3f-43e9-be69-6bcb08a267e0,https://docs.moda.dev,"[{""url"": ""https://docs.moda.dev"", ""source_type"": ""docs"", ""why_important"": ""Shows public API/integration/developer surface."", ""used_in_reasoning"": true}, {""url"": ""https://jobs.ashbyhq.com/cernel/b8a254f3-9a3f-43e9-be69-6bcb08a267e0"", ""source_type"": ""careers"", ""why_important"": ""Contains hiring/on-call/reliability signals."", ""used_in_reasoning"": false}, {""url"": ""https://jobs.ashbyhq.com/cernel/ecd149e6-ab70-4ad0-9c41-d60ba7fbe495"", ""source_type"": ""search_result"", ""why_important"": ""Discovered via web search fallback."", ""used_in_reasoning"": false}, {""url"": ""https://www.moda.dev/"", ""source_type"": ""homepage"", ""why_important"": ""Explains core product and target customer."", ""used_in_reasoning"": true}, {""url"": ""https://www.moda.dev/blog"", ""source_type"": ""fallback_page"", ""why_important"": ""Fetched from search result for additional context."", ""used_in_reasoning"": true}, {""url"": ""https://www.moda.dev/blog/cohorts"", ""source_type"": ""blog"", ""why_important"": ""Product updates and engineering narrative."", ""used_in_reasoning"": false}, {""url"": ""https://www.moda.dev/blog/octolane"", ""source_type"": ""fallback_page"", ""why_important"": ""Fetched from search result for additional context."", ""used_in_reasoning"": false}, {""url"": ""https://www.ycombinator.com/companies/moda"", ""source_type"": ""seed_metadata"", ""why_important"": ""Source list metadata (YC/CMU)."", ""used_in_reasoning"": false}]",https://docs.moda.dev; https://jobs.ashbyhq.com/cernel/b8a254f3-9a3f-43e9-be69-6bcb08a267e0; https://jobs.ashbyhq.com/cernel/ecd149e6-ab70-4ad0-9c41-d60ba7fbe495; https://www.moda.dev/; https://www.moda.dev/blog; https://www.moda.dev/blog/cohorts; https://www.moda.dev/blog/octolane; https://www.ycombinator.com/companies/moda
48,usegrade-com,Grade,https://usegrade.com,95,high,true,no_seed_email,Head of Payments/Finance for Marketplaces,Lotanna Ezeike,"CEO, Co-founder",,https://linkedin.com/in/lottsnomad,seed_team,Exploring Grade's Payment API Challenges,"Hi Lotanna,

At Emergent Delta, we specialize in providing AI-assisted incident root-cause analysis tailored for small engineering teams. Given Grade's focus on simplifying international payment compliance through your payout API, we understand the operational challenges you might face, especially around KYC and DAC7 compliance.

From our research, it is clear that managing complex, international transactions for a large creator base is no small feat. We also recognize the importance of rapid issue resolution to ensure uninterrupted service. 

We believe Emergent Delta could enhance Grade's payment API ecosystem by enabling faster incident detection and analysis, freeing your team from the burden of constantly maintaining compliance systems.

Can you describe the most challenging aspects you face regarding compliance and payment operations for creators? 

Best regards,

[Your Name]  
Emergent Delta","Hi Lotanna, I’d like to connect to share insights on enhancing payment compliance and operational efficiency for marketplaces.",Can you describe the most challenging aspects you face regarding compliance and payment operations for creators?,https://usegrade.com,https://usegrade.com/blog/post/a-founder-s-guide-to-paying-international-contractors,https://usegrade.com/marketplaces,"[{""url"": ""https://usegrade.com"", ""source_type"": ""homepage"", ""why_important"": ""Explains core product and target customer."", ""used_in_reasoning"": true}, {""url"": ""https://usegrade.com/agencies"", ""source_type"": ""fallback_page"", ""why_important"": ""Fetched from search result for additional context."", ""used_in_reasoning"": false}, {""url"": ""https://usegrade.com/blog"", ""source_type"": ""blog"", ""why_important"": ""Product updates and engineering narrative."", ""used_in_reasoning"": false}, {""url"": ""https://usegrade.com/blog/post/a-founder-s-guide-to-paying-international-contractors"", ""source_type"": ""careers"", ""why_important"": ""Contains hiring/on-call/reliability signals."", ""used_in_reasoning"": true}, {""url"": ""https://usegrade.com/blog/post/how-to-scale-ugc"", ""source_type"": ""search_result"", ""why_important"": ""Discovered via web search fallback."", ""used_in_reasoning"": false}, {""url"": ""https://usegrade.com/blog/post/why-paywalls-matter-more-than-you-think"", ""source_type"": ""search_result"", ""why_important"": ""Discovered via web search fallback."", ""used_in_reasoning"": false}, {""url"": ""https://usegrade.com/marketplaces"", ""source_type"": ""docs"", ""why_important"": ""Shows public API/integration/developer surface."", ""used_in_reasoning"": true}, {""url"": ""https://www.ycombinator.com/companies/grade"", ""source_type"": ""seed_metadata"", ""why_important"": ""Source list metadata (YC/CMU)."", ""used_in_reasoning"": false}]",https://usegrade.com; https://usegrade.com/agencies; https://usegrade.com/blog; https://usegrade.com/blog/post/a-founder-s-guide-to-paying-international-contractors; https://usegrade.com/blog/post/how-to-scale-ugc; https://usegrade.com/blog/post/why-paywalls-matter-more-than-you-think; https://usegrade.com/marketplaces; https://www.ycombinator.com/companies/grade
49,usechamber-io,Chamber,https://www.usechamber.io,95,high,false,no_seed_contact; no_seed_email; no_linkedin_url,Head of Engineering or CTO,,,,,persona_only,Incident Response and GPU Optimization Inquiry,"Hello,

I see that Chamber is focused on optimizing GPU infrastructure management for AI/ML, which aligns with our interests at Emergent Delta. Your AI-driven platform for autonomous workload monitoring and incident response could significantly benefit small engineering teams in maintaining production-critical uptime.

As many struggle with optimizing GPU infrastructure without considerable human intervention, I believe there's a crucial discussion to be had about how you manage incident response in your organization. Additionally, with emerging AIOps solutions, understanding the real-time challenges your team faces could lead to insightful strategies.

Could you share how critical GPU optimization is to your operations, and what incident response tools do you leverage?

Best regards,",Chamber enhances GPU workload management—how does your team handle incident responses at scale?,What incident response tools does your team currently leverage for GPU infrastructure issues?,https://www.usechamber.io,,https://docs.usechamber.io/,"[{""url"": ""https://docs.usechamber.io/"", ""source_type"": ""docs"", ""why_important"": ""Shows public API/integration/developer surface."", ""used_in_reasoning"": false}, {""url"": ""https://docs.usechamber.io/introduction"", ""source_type"": ""fallback_page"", ""why_important"": ""Fetched from search result for additional context."", ""used_in_reasoning"": true}, {""url"": ""https://status.usechamber.io"", ""source_type"": ""status"", ""why_important"": ""Indicates production uptime monitoring."", ""used_in_reasoning"": false}, {""url"": ""https://usechamber.io/"", ""source_type"": ""search_result"", ""why_important"": ""Discovered via web search fallback."", ""used_in_reasoning"": false}, {""url"": ""https://usechamber.io/blog/gpu-utilization-optimization-complete-guide"", ""source_type"": ""search_result"", ""why_important"": ""Discovered via web search fallback."", ""used_in_reasoning"": false}, {""url"": ""https://usechamber.io/compare"", ""source_type"": ""search_result"", ""why_important"": ""Discovered via web search fallback."", ""used_in_reasoning"": false}, {""url"": ""https://www.usechamber.io"", ""source_type"": ""homepage"", ""why_important"": ""Explains core product and target customer."", ""used_in_reasoning"": true}, {""url"": ""https://www.usechamber.io/about"", ""source_type"": ""fallback_page"", ""why_important"": ""Fetched from search result for additional context."", ""used_in_reasoning"": true}, {""url"": ""https://www.usechamber.io/blog"", ""source_type"": ""blog"", ""why_important"": ""Product updates and engineering narrative."", ""used_in_reasoning"": false}, {""url"": ""https://www.usechamber.io/blog/why-you-should-care-about-gpu-usage"", ""source_type"": ""search_result"", ""why_important"": ""Discovered via web search fallback."", ""used_in_reasoning"": false}, {""url"": ""https://www.usechamber.io/features"", ""source_type"": ""fallback_page"", ""why_important"": ""Fetched from search result for additional context."", ""used_in_reasoning"": true}, {""url"": ""https://www.usechamber.io/pricing"", ""source_type"": ""fallback_page"", ""why_important"": ""Fetched from search result for additional context."", ""used_in_reasoning"": false}, {""url"": ""https://www.ycombinator.com/companies/chamber"", ""source_type"": ""seed_metadata"", ""why_important"": ""Source list metadata (YC/CMU)."", ""used_in_reasoning"": false}]",https://docs.usechamber.io/; https://docs.usechamber.io/introduction; https://status.usechamber.io; https://usechamber.io/; https://usechamber.io/blog/gpu-utilization-optimization-complete-guide; https://usechamber.io/compare; https://www.usechamber.io; https://www.usechamber.io/about; https://www.usechamber.io/blog; https://www.usechamber.io/blog/why-you-should-care-about-gpu-usage; https://www.usechamber.io/features; https://www.usechamber.io/pricing; https://www.ycombinator.com/companies/chamber
50,usekita-com,Kita,https://www.usekita.com,95,high,true,no_seed_email,Technical decision-maker in fintech,Carmel Limcaoco,Founder,,https://www.linkedin.com/in/carmellimcaoco/,seed_team,Optimizing Incident Response for Your Credit Underwriting Operations,"Hi Carmel, 

As the founder of Kita, I’m sure you’re aware of the complexities involved in credit underwriting, particularly in managing fragmented borrower data and automating document verification processes. Emergent Delta is designed for small production engineering teams like yours and could significantly streamline incident root cause analysis, improving operational efficiency.

By integrating our solution, we can help enhance your incident response capabilities while you continue to develop your impressive AI-powered offerings. 

I'm curious, how are you currently managing the root cause analysis of incidents within your credit underwriting operations? 

Looking forward to your insights,

[Your Name]","Hi Carmel, I'd love to connect and discuss how Emergent Delta can enhance incident response in your credit underwriting operations.",How are you currently managing the root cause analysis of incidents within your credit underwriting operations?,https://www.usekita.com,https://www.usekita.com/careers,https://www.usekita.com/capture,"[{""url"": ""https://status.usekita.com"", ""source_type"": ""status"", ""why_important"": ""Indicates production uptime monitoring."", ""used_in_reasoning"": false}, {""url"": ""https://www.usekita.com"", ""source_type"": ""homepage"", ""why_important"": ""Explains core product and target customer."", ""used_in_reasoning"": true}, {""url"": ""https://www.usekita.com/blog"", ""source_type"": ""blog"", ""why_important"": ""Product updates and engineering narrative."", ""used_in_reasoning"": false}, {""url"": ""https://www.usekita.com/capture"", ""source_type"": ""docs"", ""why_important"": ""Shows public API/integration/developer surface."", ""used_in_reasoning"": true}, {""url"": ""https://www.usekita.com/careers"", ""source_type"": ""careers"", ""why_important"": ""Contains hiring/on-call/reliability signals."", ""used_in_reasoning"": true}, {""url"": ""https://www.usekita.com/contact"", ""source_type"": ""fallback_page"", ""why_important"": ""Fetched from search result for additional context."", ""used_in_reasoning"": false}, {""url"": ""https://www.usekita.com/documentation"", ""source_type"": ""fallback_page"", ""why_important"": ""Fetched from search result for additional context."", ""used_in_reasoning"": true}, {""url"": ""https://www.usekita.com/pricing"", ""source_type"": ""fallback_page"", ""why_important"": ""Fetched from search result for additional context."", ""used_in_reasoning"": false}, {""url"": ""https://www.usekita.com/solutions"", ""source_type"": ""fallback_page"", ""why_important"": ""Fetched from search result for additional context."", ""used_in_reasoning"": false}, {""url"": ""https://www.ycombinator.com/companies/kita"", ""source_type"": ""seed_metadata"", ""why_important"": ""Source list metadata (YC/CMU)."", ""used_in_reasoning"": true}]",https://status.usekita.com; https://www.usekita.com; https://www.usekita.com/blog; https://www.usekita.com/capture; https://www.usekita.com/careers; https://www.usekita.com/contact; https://www.usekita.com/documentation; https://www.usekita.com/pricing; https://www.usekita.com/solutions; https://www.ycombinator.com/companies/kita
51,agenticfabriq-com,Agentic Fabriq,https://www.agenticfabriq.com,95,high,false,no_seed_contact; no_seed_email; no_linkedin_url,CTO or Head of Engineering,,,,,persona_only,Inquiry on AI Agent Governance,"Hello,

I am reaching out to understand how Agentic Fabriq is managing the governance and security of AI agents within your organization. Given your focus on identity and permissioning solutions, I believe there's a significant opportunity to enhance incident response and maintain robust security measures across your tools. Our platform, Emergent Delta, is designed to assist teams like yours in navigating these challenges effectively.

Could you share what challenges you specifically face with managing identity and access for AI agents within your organization?",Interested in discussing AI agent governance solutions that enhance incident response.,What challenges do you face with managing identity and access for AI agents within your organization?,https://www.agenticfabriq.com,https://www.agenticfabriq.com/careers,https://www.agenticfabriq.com/docs,"[{""url"": ""https://www.agenticfabriq.com"", ""source_type"": ""homepage"", ""why_important"": ""Explains core product and target customer."", ""used_in_reasoning"": true}, {""url"": ""https://www.agenticfabriq.com/about"", ""source_type"": ""fallback_page"", ""why_important"": ""Fetched from search result for additional context."", ""used_in_reasoning"": false}, {""url"": ""https://www.agenticfabriq.com/about-us"", ""source_type"": ""fallback_page"", ""why_important"": ""Fetched from search result for additional context."", ""used_in_reasoning"": false}, {""url"": ""https://www.agenticfabriq.com/blog"", ""source_type"": ""blog"", ""why_important"": ""Product updates and engineering narrative."", ""used_in_reasoning"": false}, {""url"": ""https://www.agenticfabriq.com/careers"", ""source_type"": ""careers"", ""why_important"": ""Contains hiring/on-call/reliability signals."", ""used_in_reasoning"": false}, {""url"": ""https://www.agenticfabriq.com/company"", ""source_type"": ""fallback_page"", ""why_important"": ""Fetched from search result for additional context."", ""used_in_reasoning"": false}, {""url"": ""https://www.agenticfabriq.com/docs"", ""source_type"": ""docs"", ""why_important"": ""Shows public API/integration/developer surface."", ""used_in_reasoning"": true}, {""url"": ""https://www.agenticfabriq.com/pricing"", ""source_type"": ""fallback_page"", ""why_important"": ""Fetched from search result for additional context."", ""used_in_reasoning"": false}, {""url"": ""https://www.agenticfabriq.com/solutions"", ""source_type"": ""fallback_page"", ""why_important"": ""Fetched from search result for additional context."", ""used_in_reasoning"": false}, {""url"": ""https://www.agenticfabriq.com/status"", ""source_type"": ""status"", ""why_important"": ""Indicates production uptime monitoring."", ""used_in_reasoning"": false}, {""url"": ""https://www.agenticfabriq.com/team"", ""source_type"": ""fallback_page"", ""why_important"": ""Fetched from search result for additional context."", ""used_in_reasoning"": false}, {""url"": ""https://www.agenticfabriq.com/terms"", ""source_type"": ""fallback_page"", ""why_important"": ""Fetched from search result for additional context."", ""used_in_reasoning"": false}, {""url"": ""https://www.ycombinator.com/companies/agentic-fabriq"", ""source_type"": ""seed_metadata"", ""why_important"": ""Source list metadata (YC/CMU)."", ""used_in_reasoning"": true}]",https://www.agenticfabriq.com; https://www.agenticfabriq.com/about; https://www.agenticfabriq.com/about-us; https://www.agenticfabriq.com/blog; https://www.agenticfabriq.com/careers; https://www.agenticfabriq.com/company; https://www.agenticfabriq.com/docs; https://www.agenticfabriq.com/pricing; https://www.agenticfabriq.com/solutions; https://www.agenticfabriq.com/status; https://www.agenticfabriq.com/team; https://www.agenticfabriq.com/terms; https://www.ycombinator.com/companies/agentic-fabriq
52,archal-ai,Archal,https://www.archal.ai,95,high,false,manual_review_required; no_seed_contact; no_seed_email; no_linkedin_url,DevOps Engineer,,,,,persona_only,Pre-Deployment Testing Insights for AI Agents,"Hi,

I wanted to reach out regarding Archal's innovative platform that focuses on the pre-deployment evaluation of autonomous AI agents. Your team may benefit from detailed testing and tracing of agent behavior in a simulated environment, which helps to ensure reliability before production. This approach addresses the common pain points faced by software development teams, specifically in managing integration errors and ensuring that AI agents perform as expected.

Archal's use of markdown scenarios and digital twins allows for comprehensive evaluation and confident deployment of AI agents, which can avoid costly post-deployment issues. Given these insights, could you share how you currently ensure AI agents meet deployment requirements, and what challenges you might be facing in your pre-deployment evaluations? 

Best,",Interested in your thoughts on pre-deployment testing for AI agents.,"How do you currently ensure AI agents meet deployment requirements, and what challenges are you facing in pre-deployment evaluations?",https://www.archal.ai,,https://docs.archal.ai/introduction,"[{""url"": ""https://archal.ai/docs/introduction"", ""source_type"": ""search_result"", ""why_important"": ""Discovered via web search fallback."", ""used_in_reasoning"": false}, {""url"": ""https://docs.archal.ai/clones/discord"", ""source_type"": ""fallback_page"", ""why_important"": ""Fetched from search result for additional context."", ""used_in_reasoning"": false}, {""url"": ""https://docs.archal.ai/clones/github"", ""source_type"": ""fallback_page"", ""why_important"": ""Fetched from search result for additional context."", ""used_in_reasoning"": false}, {""url"": ""https://docs.archal.ai/clones/google-workspace"", ""source_type"": ""fallback_page"", ""why_important"": ""Fetched from search result for additional context."", ""used_in_reasoning"": false}, {""url"": ""https://docs.archal.ai/clones/linear"", ""source_type"": ""fallback_page"", ""why_important"": ""Fetched from search result for additional context."", ""used_in_reasoning"": false}, {""url"": ""https://docs.archal.ai/clones/slack"", ""source_type"": ""fallback_page"", ""why_important"": ""Fetched from search result for additional context."", ""used_in_reasoning"": false}, {""url"": ""https://docs.archal.ai/clones/stripe"", ""source_type"": ""fallback_page"", ""why_important"": ""Fetched from search result for additional context."", ""used_in_reasoning"": false}, {""url"": ""https://docs.archal.ai/clones/supabase"", ""source_type"": ""fallback_page"", ""why_important"": ""Fetched from search result for additional context."", ""used_in_reasoning"": false}, {""url"": ""https://docs.archal.ai/introduction"", ""source_type"": ""docs"", ""why_important"": ""Shows public API/integration/developer surface."", ""used_in_reasoning"": true}, {""url"": ""https://www.archal.ai"", ""source_type"": ""homepage"", ""why_important"": ""Explains core product and target customer."", ""used_in_reasoning"": true}, {""url"": ""https://www.archal.ai/thesis"", ""source_type"": ""fallback_page"", ""why_important"": ""Fetched from search result for additional context."", ""used_in_reasoning"": false}, {""url"": ""https://www.ycombinator.com/companies/archal"", ""source_type"": ""seed_metadata"", ""why_important"": ""Source list metadata (YC/CMU)."", ""used_in_reasoning"": true}]",https://archal.ai/docs/introduction; https://docs.archal.ai/clones/discord; https://docs.archal.ai/clones/github; https://docs.archal.ai/clones/google-workspace; https://docs.archal.ai/clones/linear; https://docs.archal.ai/clones/slack; https://docs.archal.ai/clones/stripe; https://docs.archal.ai/clones/supabase; https://docs.archal.ai/introduction; https://www.archal.ai; https://www.archal.ai/thesis; https://www.ycombinator.com/companies/archal
53,insforge-dev,InsForge,https://insforge.dev,95,high,false,no_seed_contact; no_seed_email; no_linkedin_url,Engineering Manager or DevOps Lead,,,,,persona_only,Exploring Incident Response Challenges,"Hello,

I hope this message finds you well. At InsForge, we recognize that many engineering teams face challenges with incident root cause analysis, especially in production-critical applications. Our platform is designed for AI-native developers, offering robust backend support that includes user authentication, database management, and storage solutions.

Given your focus on AI-assisted incident management at Emergent Delta, I believe our offering could be beneficial. We specifically cater to small teams who often handle on-call responsibilities without a dedicated SRE resource. Our infrastructure is crafted for swift incident response, which might resonate with your team's operational needs. 

What challenges do your engineering teams face in managing production incidents?","Hi, I’m exploring how teams manage production incidents and would love to connect.",What challenges do your engineering teams face in managing production incidents?,https://insforge.dev,,https://docs.insforge.dev/core-concepts/authentication/architecture,"[{""url"": ""https://docs.insforge.dev/core-concepts/ai/architecture"", ""source_type"": ""fallback_page"", ""why_important"": ""Fetched from search result for additional context."", ""used_in_reasoning"": false}, {""url"": ""https://docs.insforge.dev/core-concepts/authentication/architecture"", ""source_type"": ""docs"", ""why_important"": ""Shows public API/integration/developer surface."", ""used_in_reasoning"": true}, {""url"": ""https://docs.insforge.dev/core-concepts/database/architecture"", ""source_type"": ""fallback_page"", ""why_important"": ""Fetched from search result for additional context."", ""used_in_reasoning"": false}, {""url"": ""https://docs.insforge.dev/core-concepts/database/pgvector"", ""source_type"": ""fallback_page"", ""why_important"": ""Fetched from search result for additional context."", ""used_in_reasoning"": false}, {""url"": ""https://docs.insforge.dev/core-concepts/functions/architecture"", ""source_type"": ""fallback_page"", ""why_important"": ""Fetched from search result for additional context."", ""used_in_reasoning"": false}, {""url"": ""https://docs.insforge.dev/core-concepts/realtime/architecture"", ""source_type"": ""fallback_page"", ""why_important"": ""Fetched from search result for additional context."", ""used_in_reasoning"": false}, {""url"": ""https://docs.insforge.dev/core-concepts/storage/architecture"", ""source_type"": ""fallback_page"", ""why_important"": ""Fetched from search result for additional context."", ""used_in_reasoning"": false}, {""url"": ""https://docs.insforge.dev/introduction"", ""source_type"": ""fallback_page"", ""why_important"": ""Fetched from search result for additional context."", ""used_in_reasoning"": false}, {""url"": ""https://github.com/InsForge/InsForge"", ""source_type"": ""github"", ""why_important"": ""Technical footprint and engineering culture."", ""used_in_reasoning"": false}, {""url"": ""https://insforge.dev"", ""source_type"": ""homepage"", ""why_important"": ""Explains core product and target customer."", ""used_in_reasoning"": true}, {""url"": ""https://insforge.dev/blog"", ""source_type"": ""blog"", ""why_important"": ""Product updates and engineering narrative."", ""used_in_reasoning"": false}, {""url"": ""https://www.ycombinator.com/companies/insforge"", ""source_type"": ""seed_metadata"", ""why_important"": ""Source list metadata (YC/CMU)."", ""used_in_reasoning"": true}, {""url"": ""https://x.com/AwokoyaD/status/2045784162842394768"", ""source_type"": ""status"", ""why_important"": ""Indicates production uptime monitoring."", ""used_in_reasoning"": false}]",https://docs.insforge.dev/core-concepts/ai/architecture; https://docs.insforge.dev/core-concepts/authentication/architecture; https://docs.insforge.dev/core-concepts/database/architecture; https://docs.insforge.dev/core-concepts/database/pgvector; https://docs.insforge.dev/core-concepts/functions/architecture; https://docs.insforge.dev/core-concepts/realtime/architecture; https://docs.insforge.dev/core-concepts/storage/architecture; https://docs.insforge.dev/introduction; https://github.com/InsForge/InsForge; https://insforge.dev; https://insforge.dev/blog; https://www.ycombinator.com/companies/insforge; https://x.com/AwokoyaD/status/2045784162842394768
54,silmaril-dev,Silmaril,https://silmaril.dev,95,high,true,manual_review_required; no_seed_email,,Aum Upadhyay,Founder,,https://www.linkedin.com/in/aum-u-517016269/,seed_team,Exploring AI Security Solutions,"Hi Aum,

I came across Silmaril's innovative approach to AI-assisted prompt injection defense, particularly in production-critical environments. Your self-healing mechanisms could be a major advantage for teams facing the pressure of maintaining uptime without extensive Site Reliability Engineering (SRE) resources.

Emergent Delta specializes in providing faster incident root-cause analysis tailored for small engineering teams like yours. Our solution surfaces actionable insights from diverse data sources to enhance incident response without the overhead of a dedicated reliability team.

Given the increasing complexities of AI threats, I'm curious: How does your team currently navigate AI-generated security threats within your production systems?

Best regards,

[Your Name]","Hi Aum, I admire Silmaril's focus on securing AI systems. Let's connect!",How does your team currently navigate AI-generated security threats within your production systems?,https://www.silmaril.dev/,,https://www.silmaril.dev/docs,"[{""url"": ""http://silmaril.dev"", ""source_type"": ""search_result"", ""why_important"": ""Discovered via web search fallback."", ""used_in_reasoning"": false}, {""url"": ""https://blog.google/security/prompt-injections-web/"", ""source_type"": ""fallback_page"", ""why_important"": ""Fetched from search result for additional context."", ""used_in_reasoning"": false}, {""url"": ""https://silmaril.dev"", ""source_type"": ""fallback_page"", ""why_important"": ""Fetched from search result for additional context."", ""used_in_reasoning"": false}, {""url"": ""https://www.capsulesecurity.io/blog-post/cursechain"", ""source_type"": ""fallback_page"", ""why_important"": ""Fetched from search result for additional context."", ""used_in_reasoning"": false}, {""url"": ""https://www.forcepoint.com/blog/x-labs/indirect-prompt-injection-payloads"", ""source_type"": ""fallback_page"", ""why_important"": ""Fetched from search result for additional context."", ""used_in_reasoning"": false}, {""url"": ""https://www.silmaril.dev/"", ""source_type"": ""homepage"", ""why_important"": ""Explains core product and target customer."", ""used_in_reasoning"": true}, {""url"": ""https://www.silmaril.dev/docs"", ""source_type"": ""docs"", ""why_important"": ""Shows public API/integration/developer surface."", ""used_in_reasoning"": true}, {""url"": ""https://www.silmaril.dev/status"", ""source_type"": ""status"", ""why_important"": ""Indicates production uptime monitoring."", ""used_in_reasoning"": false}, {""url"": ""https://www.silmaril.dev/terms"", ""source_type"": ""fallback_page"", ""why_important"": ""Fetched from search result for additional context."", ""used_in_reasoning"": false}, {""url"": ""https://www.ycombinator.com/companies/silmaril"", ""source_type"": ""seed_metadata"", ""why_important"": ""Source list metadata (YC/CMU)."", ""used_in_reasoning"": false}]",http://silmaril.dev; https://blog.google/security/prompt-injections-web/; https://silmaril.dev; https://www.capsulesecurity.io/blog-post/cursechain; https://www.forcepoint.com/blog/x-labs/indirect-prompt-injection-payloads; https://www.silmaril.dev/; https://www.silmaril.dev/docs; https://www.silmaril.dev/status; https://www.silmaril.dev/terms; https://www.ycombinator.com/companies/silmaril
55,trellistech-com,Trellis,https://trellistech.com,95,high,false,manual_review_required; no_seed_contact; no_seed_email; no_linkedin_url,Operations Manager or CTO for Property Management Firms,,,,,persona_only,Understanding Operational Challenges in Property Management,"Hello,

I hope this message finds you well. I wanted to reach out to discuss the operational challenges faced in property management, especially concerning scaling and task coordination. Trellis offers AI-driven solutions that automate communication and manage tasks effectively, aiming to reduce operational chaos and lower costs associated with manual oversight.

Our software integrates with over 200 tools, thereby providing a comprehensive solution suitable for short-term rental operations. Many teams in the property management sector struggle with missed communications and rising operational costs due to disorganized processes. Our aim is to automate these tasks, allowing teams to focus on scaling their operations without getting hindered by manual processes.

How do you currently handle operational scaling challenges in your property management processes?","Hi, I’m exploring operational efficiencies in property management and would like to connect.",How do you currently handle operational scaling challenges in your property management processes?,https://www.trellistech.com/,https://www.trellistech.com/about,https://docs.trellistech.com,"[{""url"": ""https://docs.trellistech.com"", ""source_type"": ""docs"", ""why_important"": ""Shows public API/integration/developer surface."", ""used_in_reasoning"": false}, {""url"": ""https://docs.trellistech.com/changelog"", ""source_type"": ""fallback_page"", ""why_important"": ""Fetched from search result for additional context."", ""used_in_reasoning"": false}, {""url"": ""https://docs.trellistech.com/introduction"", ""source_type"": ""fallback_page"", ""why_important"": ""Fetched from search result for additional context."", ""used_in_reasoning"": true}, {""url"": ""https://status.trellistech.com"", ""source_type"": ""status"", ""why_important"": ""Indicates production uptime monitoring."", ""used_in_reasoning"": false}, {""url"": ""https://trellistech.com/"", ""source_type"": ""search_result"", ""why_important"": ""Discovered via web search fallback."", ""used_in_reasoning"": false}, {""url"": ""https://trellistech.com/privacy"", ""source_type"": ""search_result"", ""why_important"": ""Discovered via web search fallback."", ""used_in_reasoning"": false}, {""url"": ""https://www.trellistech.com/"", ""source_type"": ""homepage"", ""why_important"": ""Explains core product and target customer."", ""used_in_reasoning"": true}, {""url"": ""https://www.trellistech.com/about"", ""source_type"": ""careers"", ""why_important"": ""Contains hiring/on-call/reliability signals."", ""used_in_reasoning"": true}, {""url"": ""https://www.trellistech.com/api-terms"", ""source_type"": ""fallback_page"", ""why_important"": ""Fetched from search result for additional context."", ""used_in_reasoning"": true}, {""url"": ""https://www.trellistech.com/blog"", ""source_type"": ""blog"", ""why_important"": ""Product updates and engineering narrative."", ""used_in_reasoning"": true}, {""url"": ""https://www.trellistech.com/dpa"", ""source_type"": ""search_result"", ""why_important"": ""Discovered via web search fallback."", ""used_in_reasoning"": false}, {""url"": ""https://www.ycombinator.com/companies/trellistech"", ""source_type"": ""seed_metadata"", ""why_important"": ""Source list metadata (YC/CMU)."", ""used_in_reasoning"": false}]",https://docs.trellistech.com; https://docs.trellistech.com/changelog; https://docs.trellistech.com/introduction; https://status.trellistech.com; https://trellistech.com/; https://trellistech.com/privacy; https://www.trellistech.com/; https://www.trellistech.com/about; https://www.trellistech.com/api-terms; https://www.trellistech.com/blog; https://www.trellistech.com/dpa; https://www.ycombinator.com/companies/trellistech
56,interfaze-ai,Interfaze,https://interfaze.ai,95,high,true,manual_review_required; no_seed_email,Head of Engineering or Product Development,Yoeven D Khemlani,Founder,,https://linkedin.com/in/yoeven,seed_team,Exploring Incident Analysis Solutions for Engineering Teams,"Hi Yoeven,  
I noticed that Interfaze focuses on deterministic developer tasks crucial for small engineering teams, which positions you well in tackling incident root-cause analysis challenges. Many small teams like yours often struggle with effective tools tailored for their resource constraints, especially in the B2B sector. Given your expertise in AI modeling for this area, leveraging advanced APIs could significantly enhance incident response workflows.  
I'm curious to understand better: what specific challenges do you face in maintaining reliability and conducting incident analysis with your current team size?  
Best regards,  
[Your Name]  
[Your Position]  
[Your Company]","Hi Yoeven, I'd love to connect and discuss deterministic AI modeling in incident analysis for small engineering teams.",What specific challenges do you face in maintaining reliability and conducting incident analysis with your current team size?,https://interfaze.ai,https://interfaze.ai/careers,https://interfaze.ai/docs,"[{""url"": ""https://github.com/JigsawStack"", ""source_type"": ""github"", ""why_important"": ""Technical footprint and engineering culture."", ""used_in_reasoning"": false}, {""url"": ""https://interfaze.ai"", ""source_type"": ""homepage"", ""why_important"": ""Explains core product and target customer."", ""used_in_reasoning"": true}, {""url"": ""https://interfaze.ai/blog"", ""source_type"": ""blog"", ""why_important"": ""Product updates and engineering narrative."", ""used_in_reasoning"": true}, {""url"": ""https://interfaze.ai/careers"", ""source_type"": ""careers"", ""why_important"": ""Contains hiring/on-call/reliability signals."", ""used_in_reasoning"": false}, {""url"": ""https://interfaze.ai/docs"", ""source_type"": ""docs"", ""why_important"": ""Shows public API/integration/developer surface."", ""used_in_reasoning"": true}, {""url"": ""https://interfaze.ai/docs/audio/speech-to-text"", ""source_type"": ""fallback_page"", ""why_important"": ""Fetched from search result for additional context."", ""used_in_reasoning"": false}, {""url"": ""https://interfaze.ai/docs/faqs"", ""source_type"": ""fallback_page"", ""why_important"": ""Fetched from search result for additional context."", ""used_in_reasoning"": false}, {""url"": ""https://interfaze.ai/docs/guardrails"", ""source_type"": ""fallback_page"", ""why_important"": ""Fetched from search result for additional context."", ""used_in_reasoning"": false}, {""url"": ""https://interfaze.ai/docs/translation"", ""source_type"": ""fallback_page"", ""why_important"": ""Fetched from search result for additional context."", ""used_in_reasoning"": false}, {""url"": ""https://interfaze.ai/docs/vision/ocr"", ""source_type"": ""fallback_page"", ""why_important"": ""Fetched from search result for additional context."", ""used_in_reasoning"": false}, {""url"": ""https://interfaze.ai/docs/web/web-scraping"", ""source_type"": ""fallback_page"", ""why_important"": ""Fetched from search result for additional context."", ""used_in_reasoning"": false}, {""url"": ""https://status.interfaze.ai"", ""source_type"": ""status"", ""why_important"": ""Indicates production uptime monitoring."", ""used_in_reasoning"": false}, {""url"": ""https://www.ycombinator.com/companies/interfaze"", ""source_type"": ""seed_metadata"", ""why_important"": ""Source list metadata (YC/CMU)."", ""used_in_reasoning"": true}, {""url"": ""https://yoeven.notion.site/Careers-at-Interfaze-ai-17595f7334d3809b8007c63dbc1ee2ce"", ""source_type"": ""fallback_page"", ""why_important"": ""Fetched from search result for additional context."", ""used_in_reasoning"": false}]",https://github.com/JigsawStack; https://interfaze.ai; https://interfaze.ai/blog; https://interfaze.ai/careers; https://interfaze.ai/docs; https://interfaze.ai/docs/audio/speech-to-text; https://interfaze.ai/docs/faqs; https://interfaze.ai/docs/guardrails; https://interfaze.ai/docs/translation; https://interfaze.ai/docs/vision/ocr; https://interfaze.ai/docs/web/web-scraping; https://status.interfaze.ai; https://www.ycombinator.com/companies/interfaze; https://yoeven.notion.site/Careers-at-Interfaze-ai-17595f7334d3809b8007c63dbc1ee2ce
57,tester-army,TesterArmy,https://tester.army,95,high,true,manual_review_required; no_seed_email,Engineering Manager,Oskar Kwaśniewski,Founder,,https://www.linkedin.com/in/okwasniewski/,seed_team,Inquiry on Your Automated Testing Practices,"Hi Oskar,

I'm reaching out to learn more about how TesterArmy leverages AI in your testing automation platform. Your focus on production-critical software and support for public API documentation aligns closely with the needs of engineering managers seeking reliable bug detection in real-time environments. 

Many teams struggle with automated testing due to the challenge of catching bugs before they impact users while managing resources. I’m interested in understanding how you currently manage the detection and resolution of bugs in your production environments. 

Looking forward to your insights.

Best regards,

[Your Name]","Hi Oskar, I'm interested in how TesterArmy's AI is changing testing automation for B2B. Let's connect!",How do you currently manage the detection and resolution of bugs in your production environments?,https://tester.army,https://tester.army/pricing,https://docs.tester.army/,"[{""url"": ""https://docs.tester.army/"", ""source_type"": ""docs"", ""why_important"": ""Shows public API/integration/developer surface."", ""used_in_reasoning"": true}, {""url"": ""https://docs.tester.army/api-reference/tester-army-api/projects/list-projects"", ""source_type"": ""fallback_page"", ""why_important"": ""Fetched from search result for additional context."", ""used_in_reasoning"": true}, {""url"": ""https://docs.tester.army/get-started"", ""source_type"": ""fallback_page"", ""why_important"": ""Fetched from search result for additional context."", ""used_in_reasoning"": false}, {""url"": ""https://tester.army"", ""source_type"": ""homepage"", ""why_important"": ""Explains core product and target customer."", ""used_in_reasoning"": true}, {""url"": ""https://tester.army/blog"", ""source_type"": ""blog"", ""why_important"": ""Product updates and engineering narrative."", ""used_in_reasoning"": false}, {""url"": ""https://tester.army/pricing"", ""source_type"": ""careers"", ""why_important"": ""Contains hiring/on-call/reliability signals."", ""used_in_reasoning"": false}, {""url"": ""https://tester.army/solutions/ai-app-testing"", ""source_type"": ""fallback_page"", ""why_important"": ""Fetched from search result for additional context."", ""used_in_reasoning"": false}, {""url"": ""https://tester.army/solutions/ecommerce"", ""source_type"": ""fallback_page"", ""why_important"": ""Fetched from search result for additional context."", ""used_in_reasoning"": false}, {""url"": ""https://tester.army/solutions/mobile"", ""source_type"": ""fallback_page"", ""why_important"": ""Fetched from search result for additional context."", ""used_in_reasoning"": false}, {""url"": ""https://www.ycombinator.com/companies/testerarmy"", ""source_type"": ""seed_metadata"", ""why_important"": ""Source list metadata (YC/CMU)."", ""used_in_reasoning"": true}]",https://docs.tester.army/; https://docs.tester.army/api-reference/tester-army-api/projects/list-projects; https://docs.tester.army/get-started; https://tester.army; https://tester.army/blog; https://tester.army/pricing; https://tester.army/solutions/ai-app-testing; https://tester.army/solutions/ecommerce; https://tester.army/solutions/mobile; https://www.ycombinator.com/companies/testerarmy
58,primitive-dev,primitive,https://primitive.dev,95,high,true,no_seed_email,,Ethan Byrd,Founder,,https://www.linkedin.com/in/etbyrd/,seed_team,Exploring Incident Response Solutions with Primitive,"Hi Ethan,

I came across Primitive and noted your focus on providing email handling solutions tailored for operational integration in engineering systems. It's impressive how your platform automates both inbound and outbound email processes, making it a suitable fit for applications requiring reliable email services.

Given the challenges of streamlining email handling and managing incident responses with limited SRE resources, I am curious how your team approaches these issues given the lack of a full SRE organization. Our product, Emergent Delta, aims to assist small engineering teams in conducting faster incident root-cause analysis without extensive reliability resources.

What strategies do you employ to ensure the reliability and efficiency of your email processing system?","Hi Ethan, I'd like to connect to discuss how we can enhance incident response capabilities and email handling at Primitive.",How do you manage the reliability and efficiency of your email processing system?,https://www.primitive.dev/,,https://www.primitive.dev/docs,"[{""url"": ""https://apply.workable.com/threepeaks/j/308FBFB110/"", ""source_type"": ""search_result"", ""why_important"": ""Discovered via web search fallback."", ""used_in_reasoning"": false}, {""url"": ""https://apply.workable.com/threepeaks/j/E329B699C4/"", ""source_type"": ""search_result"", ""why_important"": ""Discovered via web search fallback."", ""used_in_reasoning"": false}, {""url"": ""https://jobs.ashbyhq.com/cartesia/30dd64e9-178e-43d8-afaa-13bb97baf45d"", ""source_type"": ""search_result"", ""why_important"": ""Discovered via web search fallback."", ""used_in_reasoning"": false}, {""url"": ""https://jobs.ashbyhq.com/cartesia/4400b6ac-f132-4551-8acc-cd1682a1e364"", ""source_type"": ""search_result"", ""why_important"": ""Discovered via web search fallback."", ""used_in_reasoning"": false}, {""url"": ""https://jobs.ashbyhq.com/cartesia/5ad70f8d-7515-476b-bb9d-11e5302475dc"", ""source_type"": ""search_result"", ""why_important"": ""Discovered via web search fallback."", ""used_in_reasoning"": false}, {""url"": ""https://jobs.ashbyhq.com/cartesia/c20f4644-c543-4ae2-9a0e-bc881a52b2f3?embed=js"", ""source_type"": ""search_result"", ""why_important"": ""Discovered via web search fallback."", ""used_in_reasoning"": false}, {""url"": ""https://jobs.eu.lever.co/quantinuum/bc6cd8c1-9720-4118-9520-62aa2acf668b"", ""source_type"": ""search_result"", ""why_important"": ""Discovered via web search fallback."", ""used_in_reasoning"": false}, {""url"": ""https://jobs.lever.co/gohighlevel/6a233482-ad60-47f2-8337-a75f4b802430"", ""source_type"": ""search_result"", ""why_important"": ""Discovered via web search fallback."", ""used_in_reasoning"": false}, {""url"": ""https://jobs.lever.co/jobgether/e5e4c0da-95bf-4c9b-a07a-8e8f30c083b6"", ""source_type"": ""search_result"", ""why_important"": ""Discovered via web search fallback."", ""used_in_reasoning"": false}, {""url"": ""https://jobs.lever.co/saga-xyz/2ba92c2a-8cbd-4d81-9995-8734d4536cd0"", ""source_type"": ""search_result"", ""why_important"": ""Discovered via web search fallback."", ""used_in_reasoning"": false}, {""url"": ""https://jobs.workable.com/company/4usnhqyUHUmRGehymBgxWe/jobs-at-nillion"", ""source_type"": ""search_result"", ""why_important"": ""Discovered via web search fallback."", ""used_in_reasoning"": false}, {""url"": ""https://jobs.workable.com/view/vQkDqkcmA6ArhCH3mEgJth/hybrid-software-engineering-technical-lead%2C-platform---primitives-%26-registry-in-boston-at-tetrascience"", ""source_type"": ""search_result"", ""why_important"": ""Discovered via web search fallback."", ""used_in_reasoning"": false}, {""url"": ""https://www.primitive.dev/"", ""source_type"": ""homepage"", ""why_important"": ""Explains core product and target customer."", ""used_in_reasoning"": true}, {""url"": ""https://www.primitive.dev/docs"", ""source_type"": ""docs"", ""why_important"": ""Shows public API/integration/developer surface."", ""used_in_reasoning"": true}, {""url"": ""https://www.primitive.dev/docs/quickstart"", ""source_type"": ""fallback_page"", ""why_important"": ""Fetched from search result for additional context."", ""used_in_reasoning"": false}, {""url"": ""https://www.primitive.dev/privacy"", ""source_type"": ""fallback_page"", ""why_important"": ""Fetched from search result for additional context."", ""used_in_reasoning"": false}, {""url"": ""https://www.primitive.dev/terms"", ""source_type"": ""fallback_page"", ""why_important"": ""Fetched from search result for additional context."", ""used_in_reasoning"": false}, {""url"": ""https://www.ycombinator.com/companies/primitive"", ""source_type"": ""seed_metadata"", ""why_important"": ""Source list metadata (YC/CMU)."", ""used_in_reasoning"": false}]",https://apply.workable.com/threepeaks/j/308FBFB110/; https://apply.workable.com/threepeaks/j/E329B699C4/; https://jobs.ashbyhq.com/cartesia/30dd64e9-178e-43d8-afaa-13bb97baf45d; https://jobs.ashbyhq.com/cartesia/4400b6ac-f132-4551-8acc-cd1682a1e364; https://jobs.ashbyhq.com/cartesia/5ad70f8d-7515-476b-bb9d-11e5302475dc; https://jobs.ashbyhq.com/cartesia/c20f4644-c543-4ae2-9a0e-bc881a52b2f3?embed=js; https://jobs.eu.lever.co/quantinuum/bc6cd8c1-9720-4118-9520-62aa2acf668b; https://jobs.lever.co/gohighlevel/6a233482-ad60-47f2-8337-a75f4b802430; https://jobs.lever.co/jobgether/e5e4c0da-95bf-4c9b-a07a-8e8f30c083b6; https://jobs.lever.co/saga-xyz/2ba92c2a-8cbd-4d81-9995-8734d4536cd0; https://jobs.workable.com/company/4usnhqyUHUmRGehymBgxWe/jobs-at-nillion; https://jobs.workable.com/view/vQkDqkcmA6ArhCH3mEgJth/hybrid-software-engineering-technical-lead%2C-platform---primitives-%26-registry-in-boston-at-tetrascience; https://www.primitive.dev/; https://www.primitive.dev/docs; https://www.primitive.dev/docs/quickstart; https://www.primitive.dev/privacy; https://www.primitive.dev/terms; https://www.ycombinator.com/companies/primitive
59,datost-com,Datost,https://www.datost.com,95,high,true,manual_review_required; no_seed_email,,Maceo Cardinale Kwik,Founder,,https://www.linkedin.com/in/maceo-cardinale-kwik/,seed_team,Streamline Incident Management with Data Integration,"Hi Maceo,

I’m reaching out to learn more about how Datost is leveraging data analytics within Slack for incident management. Given that Datost focuses on improving operational efficiency for small engineering teams handling on-call duties, I believe there’s a significant opportunity to discuss your current processes for incident root-cause analysis.

As these teams often manage multiple operational logs and insights without dedicated reliability personnel, the ability to surface hypotheses quickly can be game-changing. Your integration with major data warehouses and business tools likely enhances this efficiency.

How is your team currently managing incident responses and extracting insights from operational data? 

Best,

[Your Name]  
[Your Position]  
[Your Company]  
[Your Contact Information]  
","Hi Maceo, I'd love to connect and discuss incident management processes at Datost, especially how you're integrating with Slack for data efficiency.",How is your team currently managing incident responses and extracting insights from operational data?,https://www.datost.com,https://www.datost.com/404,https://www.datost.com/docs,"[{""url"": ""https://www.datost.com"", ""source_type"": ""homepage"", ""why_important"": ""Explains core product and target customer."", ""used_in_reasoning"": true}, {""url"": ""https://www.datost.com/404"", ""source_type"": ""careers"", ""why_important"": ""Contains hiring/on-call/reliability signals."", ""used_in_reasoning"": false}, {""url"": ""https://www.datost.com/blog"", ""source_type"": ""blog"", ""why_important"": ""Product updates and engineering narrative."", ""used_in_reasoning"": false}, {""url"": ""https://www.datost.com/docs"", ""source_type"": ""docs"", ""why_important"": ""Shows public API/integration/developer surface."", ""used_in_reasoning"": false}, {""url"": ""https://www.datost.com/docs/introduction"", ""source_type"": ""fallback_page"", ""why_important"": ""Fetched from search result for additional context."", ""used_in_reasoning"": true}, {""url"": ""https://www.datost.com/support"", ""source_type"": ""fallback_page"", ""why_important"": ""Fetched from search result for additional context."", ""used_in_reasoning"": false}, {""url"": ""https://www.ycombinator.com/companies/datost"", ""source_type"": ""seed_metadata"", ""why_important"": ""Source list metadata (YC/CMU)."", ""used_in_reasoning"": true}]",https://www.datost.com; https://www.datost.com/404; https://www.datost.com/blog; https://www.datost.com/docs; https://www.datost.com/docs/introduction; https://www.datost.com/support; https://www.ycombinator.com/companies/datost
60,superglue-ai,superglue,https://superglue.ai,95,high,true,no_seed_email,Technical lead at B2B software companies or heads of engineering responsible for integrations and system reliability.,Adina Goerres,Founder,,https://linkedin.com/in/adinagoerres,seed_team,Inquiry on Your Integration Challenges,"Hi Adina,

I hope this message finds you well. I wanted to reach out regarding Superglue's AI-driven integration platform, which addresses common challenges faced by companies in establishing quick and effective system integrations. Our solution has shown to reduce development time significantly while supporting multiple API types including REST and GraphQL.

Given the pressure to streamline integration processes and the common issues with legacy systems in B2B contexts, I’d like to understand your current approach. 

What specific difficulties have you faced in meeting integration demands rapidly and reliably using your current tools?",Let's connect; I see an opportunity to simplify your system integrations with our AI-driven platform.,What specific difficulties have you faced in meeting integration demands rapidly and reliably using your current tools?,https://superglue.ai,,https://docs.superglue.cloud/,"[{""url"": ""https://docs.superglue.cloud/"", ""source_type"": ""docs"", ""why_important"": ""Shows public API/integration/developer surface."", ""used_in_reasoning"": false}, {""url"": ""https://docs.superglue.cloud/getting-started/introduction"", ""source_type"": ""fallback_page"", ""why_important"": ""Fetched from search result for additional context."", ""used_in_reasoning"": false}, {""url"": ""https://github.com/superglue-ai/superglue"", ""source_type"": ""github"", ""why_important"": ""Technical footprint and engineering culture."", ""used_in_reasoning"": false}, {""url"": ""https://superglue.ai"", ""source_type"": ""homepage"", ""why_important"": ""Explains core product and target customer."", ""used_in_reasoning"": true}, {""url"": ""https://superglue.ai/blog/"", ""source_type"": ""blog"", ""why_important"": ""Product updates and engineering narrative."", ""used_in_reasoning"": false}, {""url"": ""https://superglue.ai/faq"", ""source_type"": ""fallback_page"", ""why_important"": ""Fetched from search result for additional context."", ""used_in_reasoning"": true}, {""url"": ""https://superglue.ai/pricing"", ""source_type"": ""fallback_page"", ""why_important"": ""Fetched from search result for additional context."", ""used_in_reasoning"": false}, {""url"": ""https://superglue.ai/tnc"", ""source_type"": ""fallback_page"", ""why_important"": ""Fetched from search result for additional context."", ""used_in_reasoning"": false}, {""url"": ""https://www.ycombinator.com/companies/superglue"", ""source_type"": ""seed_metadata"", ""why_important"": ""Source list metadata (YC/CMU)."", ""used_in_reasoning"": false}]",https://docs.superglue.cloud/; https://docs.superglue.cloud/getting-started/introduction; https://github.com/superglue-ai/superglue; https://superglue.ai; https://superglue.ai/blog/; https://superglue.ai/faq; https://superglue.ai/pricing; https://superglue.ai/tnc; https://www.ycombinator.com/companies/superglue
